image;nom;type
"https://media.wikily.gg/44c3d800-a707-461b-bd60-cfecbe25cd73/2026-09-22/15966778-0711-4f4a-a82d-eca4ef360be3-i_tool_book_1.png";"Abécédaire";"Outils"
"https://media.wikily.gg/44c3d800-a707-461b-bd60-cfecbe25cd73/2026-09-22/e1bc845b-e990-483b-a1d3-ca50cb5edd10-i_agreement_frontman.png";"Accord de RP";"Objets de quête"
"https://media.wikily.gg/44c3d800-a707-461b-bd60-cfecbe25cd73/2026-09-22/bb080ece-cfb2-4a2b-82a6-306082804975-i_agreement_frontman_signed.png";"Accord de RP signé";"Objets de quête"
"https://media.wikily.gg/44c3d800-a707-461b-bd60-cfecbe25cd73/2026-09-22/04756a2d-30e7-45be-9502-36157cc8f50c-i_alkali.png";"Alcali";"Alchimie"
"https://media.wikily.gg/44c3d800-a707-461b-bd60-cfecbe25cd73/2026-09-22/d1e8b9ba-6738-42d5-8ff4-dc0fc3c69f2b-i_mash.png";"Alcool";"Alchimie"
"https://media.wikily.gg/44c3d800-a707-461b-bd60-cfecbe25cd73/2026-09-22/b8caf880-3e57-45af-acd7-4e03619c1cd7-i_organ_improver_red.png";"Améliorateur d'Organe";"Potions"
"https://media.wikily.gg/44c3d800-a707-461b-bd60-cfecbe25cd73/2026-09-22/cbf33d17-8ec3-406b-989c-fed761f308a4-i_fish_anchovy.png";"Anchois";"Poisson"
"https://media.wikily.gg/44c3d800-a707-461b-bd60-cfecbe25cd73/2026-09-22/b59b8f4a-2cc6-4338-b8dd-a1c66c2c47c4-i_fish_eel.png";"Anguille";"Poisson"
"https://media.wikily.gg/44c3d800-a707-461b-bd60-cfecbe25cd73/2026-09-22/0422de8e-81f5-41d1-a6b9-fbc473e66db2-i_slot-no_item.png";"Appât : Aucun";"Matériel de pêche"
"https://media.wikily.gg/44c3d800-a707-461b-bd60-cfecbe25cd73/2026-09-22/93ffa606-384d-409a-88ba-0f5f5fde2e8e-i_insect_bite.png";"Appât : Insecte";"Matériel de pêche"
"https://media.wikily.gg/44c3d800-a707-461b-bd60-cfecbe25cd73/2026-09-22/9815ae04-6f34-4f52-a135-5692ec94b5c1-i_breadcrumb_bite.png";"Appât : Pain";"Matériel de pêche"
"https://media.wikily.gg/44c3d800-a707-461b-bd60-cfecbe25cd73/2026-09-22/71c4581a-c139-4d26-a45d-4914317ade02-i_ultimate_bite.png";"Appât : Vivant";"Matériel de pêche"
"https://media.wikily.gg/44c3d800-a707-461b-bd60-cfecbe25cd73/2026-09-22/e20de9ff-b9cf-42e9-9ee8-8bf87ad372cc-i_bow_t4.png";"Arc Lourd";"Armes et armures"
"https://media.wikily.gg/44c3d800-a707-461b-bd60-cfecbe25cd73/2026-09-22/fb9fa19e-d152-44de-8ec8-cf8ef4f6354a-i_bow_t2.png";"Arc Renforcé";"Armes et armures"
"https://media.wikily.gg/44c3d800-a707-461b-bd60-cfecbe25cd73/2026-09-22/1fb4ac38-ffb5-4560-87c4-7c0d9a7dc2da-i_bow_t1.png";"Arc Simple";"Armes et armures"
"https://media.wikily.gg/44c3d800-a707-461b-bd60-cfecbe25cd73/2026-09-22/8a9d32a0-baf7-4214-a6f7-0b5757a57a90-i_bow_t3.png";"Arc de Combat";"Armes et armures"
"https://media.wikily.gg/44c3d800-a707-461b-bd60-cfecbe25cd73/2026-09-22/90d275cb-1e1c-44c0-86c2-f7457fc1334c-i_clay.png";"Argile";"Matériaux de construction"
"https://media.wikily.gg/44c3d800-a707-461b-bd60-cfecbe25cd73/2026-09-22/1af32e48-d6bc-4092-ad4d-35844ab2aecb-i_armor_t0.png";"Armure Rouillée";"Armes et armures"
"https://media.wikily.gg/44c3d800-a707-461b-bd60-cfecbe25cd73/2026-09-22/eb8c105f-eb1e-4a88-a489-5c0f927210e5-i_armor_t3.png";"Armure d'Acier";"Armes et armures"
"https://media.wikily.gg/44c3d800-a707-461b-bd60-cfecbe25cd73/2026-09-22/9ec407b7-6c53-41a8-99ab-0955a30462fb-i_armor_t1.png";"Armure de Bronze";"Armes et armures"
"https://media.wikily.gg/44c3d800-a707-461b-bd60-cfecbe25cd73/2026-09-22/9d07d39c-fd92-4192-ba4e-4e4b673d730c-i_armor_t2.png";"Armure de Fer";"Armes et armures"
"https://media.wikily.gg/44c3d800-a707-461b-bd60-cfecbe25cd73/2026-09-22/b493192c-89a0-4989-9b3a-abf577915603-i_armor_t4.png";"Armure de Légende";"Armes et armures"
"https://media.wikily.gg/44c3d800-a707-461b-bd60-cfecbe25cd73/2026-09-22/f3bc1c10-1953-41ad-aa02-1a19bd981514-i_detail_2.png";"Assemblage Sophistiqué";"Métaux et minerais"
"https://media.wikily.gg/44c3d800-a707-461b-bd60-cfecbe25cd73/2026-09-22/7dd8bab3-0c5a-4b02-a337-7dd9a3016dfa-i_detail_2_steel.png";"Assemblage d'Ingénierie";"Métaux et minerais"
"https://media.wikily.gg/44c3d800-a707-461b-bd60-cfecbe25cd73/2026-09-22/242f8f61-5722-4afb-aefa-dbcba4ea8f36-i_detail_1_steel.png";"Assemblage en Acier";"Métaux et minerais"
"https://media.wikily.gg/44c3d800-a707-461b-bd60-cfecbe25cd73/2026-09-22/45e8e2df-9e6d-4155-b474-e0099a7be811-i_details_1_bronze.png";"Assemblage en Bronze";"Métaux et minerais"
"https://media.wikily.gg/44c3d800-a707-461b-bd60-cfecbe25cd73/2026-09-22/a32a93ef-c685-425b-acef-05692154fddc-i_detail_1.png";"Assemblage en Fer";"Métaux et minerais"
"https://media.wikily.gg/44c3d800-a707-461b-bd60-cfecbe25cd73/2026-09-22/d7d5a8c4-8983-4574-83cc-0d5190e129c4-i_fired_plates.png";"Assiette en Terre Cuite";"Matériaux de construction"
"https://media.wikily.gg/44c3d800-a707-461b-bd60-cfecbe25cd73/2026-09-22/16809609-85c9-4811-8fbb-e73229fddea5-i_trinkets_gold.png";"Babioles Précieuses";"Objets de Valeur"
"https://media.wikily.gg/44c3d800-a707-461b-bd60-cfecbe25cd73/2026-09-22/a38c6b71-b5d3-4c9f-bb77-83a9236699cf-i_trinkets_wood.png";"Babioles en Bois";"Objets de Valeur"
"https://media.wikily.gg/44c3d800-a707-461b-bd60-cfecbe25cd73/2026-09-22/10e2d9fc-d064-4d1a-a3ed-56bc4745ed88-i_trinkets_bronze.png";"Babioles en Cuivre";"Objets de Valeur"
"https://media.wikily.gg/44c3d800-a707-461b-bd60-cfecbe25cd73/2026-09-22/b129f149-2baa-4fc5-bed2-b01a2e28765d-i_berry.png";"Baie";"Cueillette"
"https://media.wikily.gg/44c3d800-a707-461b-bd60-cfecbe25cd73/2026-09-22/d0c35223-5846-4795-8ac5-759fe212318d-i_blue_flag.png";"Bannière de Victoire";"Bataille"
"https://media.wikily.gg/44c3d800-a707-461b-bd60-cfecbe25cd73/2026-09-22/0a5fd0a5-8c0e-4bc3-95f0-538780ffe67f-i_2h_d-box-barricade_wall.png";"Barricade Fortifiée I";"Bataille"
"https://media.wikily.gg/44c3d800-a707-461b-bd60-cfecbe25cd73/2026-09-22/0a5fd0a5-8c0e-4bc3-95f0-538780ffe67f-i_2h_d-box-barricade_wall.png";"Barricade Fortifiée II";"Bataille"
"https://media.wikily.gg/44c3d800-a707-461b-bd60-cfecbe25cd73/2026-09-22/0a5fd0a5-8c0e-4bc3-95f0-538780ffe67f-i_2h_d-box-barricade_wall.png";"Barricade Fortifiée III";"Bataille"
"https://media.wikily.gg/44c3d800-a707-461b-bd60-cfecbe25cd73/2026-09-22/091538d3-1ffd-45ed-bf1b-232845b486fb-i_2h_d-box-barricade_simple.png";"Barricade I";"Bataille"
"https://media.wikily.gg/44c3d800-a707-461b-bd60-cfecbe25cd73/2026-09-22/091538d3-1ffd-45ed-bf1b-232845b486fb-i_2h_d-box-barricade_simple.png";"Barricade II";"Bataille"
"https://media.wikily.gg/44c3d800-a707-461b-bd60-cfecbe25cd73/2026-09-22/091538d3-1ffd-45ed-bf1b-232845b486fb-i_2h_d-box-barricade_simple.png";"Barricade III";"Bataille"
"https://media.wikily.gg/44c3d800-a707-461b-bd60-cfecbe25cd73/2026-09-22/0f8bc9f2-3461-4b44-b117-b07a556ce4ce-i_2h_d-box-barricade_spikes.png";"Barricade à Pieux I";"Bataille"
"https://media.wikily.gg/44c3d800-a707-461b-bd60-cfecbe25cd73/2026-09-22/0f8bc9f2-3461-4b44-b117-b07a556ce4ce-i_2h_d-box-barricade_spikes.png";"Barricade à Pieux II";"Bataille"
"https://media.wikily.gg/44c3d800-a707-461b-bd60-cfecbe25cd73/2026-09-22/0f8bc9f2-3461-4b44-b117-b07a556ce4ce-i_2h_d-box-barricade_spikes.png";"Barricade à Pieux III";"Bataille"
"https://media.wikily.gg/44c3d800-a707-461b-bd60-cfecbe25cd73/2026-09-22/8d05f4c8-0d79-401a-a656-e8e580a7ebbe-i_onion_ring.png";"Beignets d'Oignons";"Nourriture"
"https://media.wikily.gg/44c3d800-a707-461b-bd60-cfecbe25cd73/2026-09-22/8708a99a-96dc-4115-aca2-907dcf685825-i_nuggets_fish.png";"Beignets de Poisson";"Nourriture"
"https://media.wikily.gg/44c3d800-a707-461b-bd60-cfecbe25cd73/2026-09-22/8e786089-a2ca-41e0-a807-e282fd6a4e5a-i_beet_crop.png";"Betterave";"Agriculture"
"https://media.wikily.gg/44c3d800-a707-461b-bd60-cfecbe25cd73/2026-09-22/605d6da8-ac26-4fdc-b509-8a31d7dd4c93-i_beet_cuts.png";"Betterave en Tranches";"Nourriture"
"https://media.wikily.gg/44c3d800-a707-461b-bd60-cfecbe25cd73/2026-09-22/ebcc23ac-7793-4594-994a-4614cadf12a4-i_grated_beetroot.png";"Betteraves Râpées";"Nourriture"
"https://media.wikily.gg/44c3d800-a707-461b-bd60-cfecbe25cd73/2026-09-22/7488df64-43d7-4ee1-9d6e-f53ba6f911a4-i_jewelry.png";"Bijoux Raffiné";"Objets de Valeur"
"https://media.wikily.gg/44c3d800-a707-461b-bd60-cfecbe25cd73/2026-09-22/85bdd69b-8431-4fd6-a03a-6f81c70ad69a-i_flitch.png";"Bille de Bois";"Matériaux de construction"
"https://media.wikily.gg/44c3d800-a707-461b-bd60-cfecbe25cd73/2026-09-22/fe18bc91-2b0c-4427-bccc-74f7b05db1fe-i_trinkets_stone.png";"Billes de Pierre";"Objets de Valeur"
"https://media.wikily.gg/44c3d800-a707-461b-bd60-cfecbe25cd73/2026-09-22/10af4c52-b355-4871-93f9-0cc46d46a202-i_cup_beer.png";"Bière";"Boissons"
"https://media.wikily.gg/44c3d800-a707-461b-bd60-cfecbe25cd73/2026-09-22/955df2b7-df34-4930-9316-4243f35cc161-i_cook_soldier_ale.png";"Bière de Soldat";"Boissons"
"https://media.wikily.gg/44c3d800-a707-461b-bd60-cfecbe25cd73/2026-09-22/ef1c4dd3-9b3d-4163-a52f-398741bc227b-i_stone_plate_1.png";"Bloc de Pierre";"Matériaux de construction"
"https://media.wikily.gg/44c3d800-a707-461b-bd60-cfecbe25cd73/2026-09-22/45b632ba-cbc1-4d4b-b749-7772d6f90f43-i_wheat_crop.png";"Blé";"Agriculture"
"https://media.wikily.gg/44c3d800-a707-461b-bd60-cfecbe25cd73/2026-09-22/6756ce28-8e83-43dd-8e4b-caad1eded420-i_carved_wood.png";"Bois Sculpté";"Matériaux de construction"
"https://media.wikily.gg/44c3d800-a707-461b-bd60-cfecbe25cd73/2026-09-22/4ac57be0-cae7-40bf-b715-32fcd0d035e6-i_wood_2.png";"Bois Spécial";"Matériaux de construction"
"https://media.wikily.gg/44c3d800-a707-461b-bd60-cfecbe25cd73/2026-09-22/9754fe77-3e35-4e91-9404-2417a0bbc1ee-i_firewood.png";"Bois de Chauffe";"Matériaux de construction"
"https://media.wikily.gg/44c3d800-a707-461b-bd60-cfecbe25cd73/2026-09-22/266a86cd-0b27-4536-98ef-207d28a7f92a-i_candle_6.png";"Bougie Magnifique";"Église"
"https://media.wikily.gg/44c3d800-a707-461b-bd60-cfecbe25cd73/2026-09-22/4a3c732e-c37b-4be7-adbe-0bac7ff44aa1-i_candle_4.png";"Bougie Rassurante";"Église"
"https://media.wikily.gg/44c3d800-a707-461b-bd60-cfecbe25cd73/2026-09-22/def6dd97-1c82-4877-b546-52fe1a548152-i_candle_1.png";"Bougie Simple";"Église"
"https://media.wikily.gg/44c3d800-a707-461b-bd60-cfecbe25cd73/2026-09-22/4a29d746-4541-45fb-a87a-f9d98376bb4f-i_bottle_empty_1.png";"Bouteille Vide";"Ingrédients"
"https://media.wikily.gg/44c3d800-a707-461b-bd60-cfecbe25cd73/2026-09-22/9d39bb07-25fa-4d2d-b805-639c68f88b75-i_fired_brick.png";"Brique";"Matériaux de construction"
"https://media.wikily.gg/44c3d800-a707-461b-bd60-cfecbe25cd73/2026-09-22/0ef7fb0d-3ac9-4980-976e-858d048b3ca8-i_fish_pike.png";"Brochet";"Poisson"
"https://media.wikily.gg/44c3d800-a707-461b-bd60-cfecbe25cd73/2026-09-22/0e348d47-fb74-43d8-9018-896b57d04d60-i_polished_bronze.png";"Bronze Poli";"Métaux et minerais"
"https://media.wikily.gg/44c3d800-a707-461b-bd60-cfecbe25cd73/2026-09-22/34770f9e-3015-49b4-9410-8d4362f99d6c-i_stick.png";"Bâton";"Matériaux de construction"
"https://media.wikily.gg/44c3d800-a707-461b-bd60-cfecbe25cd73/2026-09-22/3af72110-e737-4da4-8509-032b380a520c-i_wood.png";"Bûche";"Matériaux de construction"
"https://media.wikily.gg/44c3d800-a707-461b-bd60-cfecbe25cd73/2026-09-22/a9c242d4-4551-434e-9593-253b83b4ea22-i_wood1.png";"Bûche Courte";"Matériaux de construction"
"https://media.wikily.gg/44c3d800-a707-461b-bd60-cfecbe25cd73/2026-09-22/137e8ccc-a6fd-4d7a-babc-a212fbaba09f-i_cacao.png";"Cacao";"Cueillette"
"https://media.wikily.gg/44c3d800-a707-461b-bd60-cfecbe25cd73/2026-09-22/c05f697a-a125-4776-a19a-73dc87837922-i_body.png";"Cadavre";"Parties de corps"
"https://media.wikily.gg/44c3d800-a707-461b-bd60-cfecbe25cd73/2026-09-22/d4aac669-033d-4cb0-be77-69132dc47f9e-i_box_empty.png";"Caisse";"Matériaux de construction"
"https://media.wikily.gg/44c3d800-a707-461b-bd60-cfecbe25cd73/2026-09-22/2e8c7a41-3430-481f-8761-7cc23e571086-i_spike_1.png";"Cale en Bois";"Matériaux de construction"
"https://media.wikily.gg/44c3d800-a707-461b-bd60-cfecbe25cd73/2026-09-22/30e47393-db46-4c20-b1bd-b40ba206b836-i_fishing_rod_0.png";"Canne Basique";"Matériel de pêche"
"https://media.wikily.gg/44c3d800-a707-461b-bd60-cfecbe25cd73/2026-09-22/f7dab805-12d2-4e66-b7b6-1af9a9b4fe62-i_pro_rod.png";"Canne Professionnelle";"Matériel de pêche"
"https://media.wikily.gg/44c3d800-a707-461b-bd60-cfecbe25cd73/2026-09-22/3110c5e1-0633-4c37-909c-e12c35dc9c53-i_fishing_rod_1.png";"Canne d'Amateur";"Matériel de pêche"
"https://media.wikily.gg/44c3d800-a707-461b-bd60-cfecbe25cd73/2026-09-22/f662119f-590e-417c-bf07-d78d00cbf4b3-i_fishing_rod_2.png";"Canne Évoluée";"Matériel de pêche"
"https://media.wikily.gg/44c3d800-a707-461b-bd60-cfecbe25cd73/2026-09-22/82f2d24a-f121-49ed-af06-49b7a11e4e29-i_fish_crucian_silver.png";"Carassin";"Poisson"
"https://media.wikily.gg/44c3d800-a707-461b-bd60-cfecbe25cd73/2026-09-22/4c440118-e278-4327-ba59-2b2f02ed3b7e-i_book_soft_clean.png";"Carnet de Notes Vierge Broché";"Livres et papier"
"https://media.wikily.gg/44c3d800-a707-461b-bd60-cfecbe25cd73/2026-09-22/6e809bd9-888d-41bd-91e4-cc9f1d609782-i_book_hard_clean.png";"Carnet de Notes Vierge Relié";"Livres et papier"
"https://media.wikily.gg/44c3d800-a707-461b-bd60-cfecbe25cd73/2026-09-22/e33991f1-29a6-42ac-9e40-2e5cd98d7717-i_carrot_crop.png";"Carotte";"Agriculture"
"https://media.wikily.gg/44c3d800-a707-461b-bd60-cfecbe25cd73/2026-09-22/7e7e969e-6763-4720-94d6-69c8fee304bd-i_fish_carp.png";"Carpe";"Poisson"
"https://media.wikily.gg/44c3d800-a707-461b-bd60-cfecbe25cd73/2026-09-22/c7db77bf-1e92-4a8e-aaa9-1c1ae1776a3c-i_fish_silverfin.png";"Carpe Argentée";"Poisson"
"https://media.wikily.gg/44c3d800-a707-461b-bd60-cfecbe25cd73/2026-09-22/b454c2ce-2828-4b84-a75b-d286d3d68a18-i_fish_goldfish.png";"Carpe Dorée";"Poisson"
"https://media.wikily.gg/44c3d800-a707-461b-bd60-cfecbe25cd73/2026-09-22/7377f9ca-1822-47ca-a22b-dab00b231161-i_cook_golden_carp.png";"Carpe Dorée Frite";"Nourriture"
"https://media.wikily.gg/44c3d800-a707-461b-bd60-cfecbe25cd73/2026-09-22/b1d3b362-4cfb-4df1-b593-7e51057e38b5-i_fish_mythic_carp.png";"Carpe Mythique";"Poisson"
"https://media.wikily.gg/44c3d800-a707-461b-bd60-cfecbe25cd73/2026-09-22/b0f55490-1ece-4027-8b23-c6682fd26aa8-i_fairy_swamp_map.png";"Carte du Marais de la Fée";"Objets de quête"
"https://media.wikily.gg/44c3d800-a707-461b-bd60-cfecbe25cd73/2026-09-22/3c7bfe35-bf01-48c7-945c-70f9b0411d29-i_ash.png";"Cendres";"Alchimie"
"https://media.wikily.gg/44c3d800-a707-461b-bd60-cfecbe25cd73/2026-09-22/da67d227-725d-481d-848e-863009529297-i_permission.png";"Certificat d'Exhumation";"Cimetière"
"https://media.wikily.gg/44c3d800-a707-461b-bd60-cfecbe25cd73/2026-09-22/0fc94575-7464-4340-99d0-a4fd06b72360-i_scroll_2.png";"Certificat d'Inhumation I";"Cimetière"
"https://media.wikily.gg/44c3d800-a707-461b-bd60-cfecbe25cd73/2026-09-22/0fc94575-7464-4340-99d0-a4fd06b72360-i_scroll_2.png";"Certificat d'Inhumation II";"Cimetière"
"https://media.wikily.gg/44c3d800-a707-461b-bd60-cfecbe25cd73/2026-09-22/0fc94575-7464-4340-99d0-a4fd06b72360-i_scroll_2.png";"Certificat d'Inhumation III";"Cimetière"
"https://media.wikily.gg/44c3d800-a707-461b-bd60-cfecbe25cd73/2026-09-22/44bba907-d5f6-471b-bd98-f7d7d30fd7d3-i_brain.png";"Cerveau";"Parties de corps"
"https://media.wikily.gg/44c3d800-a707-461b-bd60-cfecbe25cd73/2026-09-22/9550f431-31f5-43b3-8623-9bb52ef42099-i_flesh.png";"Chair";"Parties de corps"
"https://media.wikily.gg/44c3d800-a707-461b-bd60-cfecbe25cd73/2026-09-22/7d8a86c5-7eb2-4156-82d4-2cb8e837d746-i_shr_boletus.png";"Champignon Brun";"Cueillette"
"https://media.wikily.gg/44c3d800-a707-461b-bd60-cfecbe25cd73/2026-09-22/6832bd25-8376-487a-8860-3873a2102698-i_shr_agaric.png";"Champignon Rouge";"Cueillette"
"https://media.wikily.gg/44c3d800-a707-461b-bd60-cfecbe25cd73/2026-09-22/0c348d2c-51d1-4142-acd2-963ffca6395d-i_mushroom_green.png";"Champignon des Marais";"Cueillette"
"https://media.wikily.gg/44c3d800-a707-461b-bd60-cfecbe25cd73/2026-09-22/45c1d0c9-736c-439c-8676-3e5f1cca0e28-i_baked_kebab_7.png";"Champignons Cuits";"Nourriture"
"https://media.wikily.gg/44c3d800-a707-461b-bd60-cfecbe25cd73/2026-09-22/a08266d6-ff23-45b1-9008-9790cf461d25-i_coal.png";"Charbon";"Métaux et minerais"
"https://media.wikily.gg/44c3d800-a707-461b-bd60-cfecbe25cd73/2026-09-22/d1f72a97-8ded-4ddc-84ea-1146e8e7db8f-i_chocolate.png";"Chocolat";"Nourriture"
"https://media.wikily.gg/44c3d800-a707-461b-bd60-cfecbe25cd73/2026-09-22/f80cdcd0-623b-4e94-a43e-8cc287cfbfff-i_cabbage_crop.png";"Chou";"Agriculture"
"https://media.wikily.gg/44c3d800-a707-461b-bd60-cfecbe25cd73/2026-09-22/b5c4c1ff-229f-4029-a35d-dcb43af91528-i_bottle_berry_vine_2.png";"Cidre de Baies";"Boissons"
"https://media.wikily.gg/44c3d800-a707-461b-bd60-cfecbe25cd73/2026-09-22/3e0c47b5-c557-4435-9fef-afd6c7ec2bb9-i_blueberry_cider.png";"Cidre de Myrtille";"Boissons"
"https://media.wikily.gg/44c3d800-a707-461b-bd60-cfecbe25cd73/2026-09-22/d5ce6ba1-e2ac-4d1d-a6d0-5b823eb13681-i_bottle_apple_vine_2.png";"Cidre de Pomme";"Boissons"
"https://media.wikily.gg/44c3d800-a707-461b-bd60-cfecbe25cd73/2026-09-22/b3ea2793-efbc-417e-ae21-3df25f0cea95-i_beeswax.png";"Cire d'Abeille";"Cueillette"
"https://media.wikily.gg/44c3d800-a707-461b-bd60-cfecbe25cd73/2026-09-22/b76eebdf-abd5-4752-b99d-a2b365d6daa8-i_chisel_3.png";"Ciseau en Bronze";"Matériaux de construction"
"https://media.wikily.gg/44c3d800-a707-461b-bd60-cfecbe25cd73/2026-09-22/cf1df866-2486-4504-b5b8-ee8fba9ad9c9-i_chisel_1.png";"Ciseau en Fer";"Matériaux de construction"
"https://media.wikily.gg/44c3d800-a707-461b-bd60-cfecbe25cd73/2026-09-22/8489e08c-75e0-478e-9e7b-b8b97b054180-i_pumpkin_crop.png";"Citrouille";"Agriculture"
"https://media.wikily.gg/44c3d800-a707-461b-bd60-cfecbe25cd73/2026-09-22/1e0af64a-1d69-4954-86e2-cf0036a8b6a0-i_quest_bell.png";"Cloche Magique";"Objets de quête"
"https://media.wikily.gg/44c3d800-a707-461b-bd60-cfecbe25cd73/2026-09-22/bfebd7d1-bc15-4552-b9e7-a0c5d6d1f832-i_nail_bronze.png";"Clous en Bronze";"Métaux et minerais"
"https://media.wikily.gg/44c3d800-a707-461b-bd60-cfecbe25cd73/2026-09-22/3f8fecef-e968-4156-aa9c-bd4884e8a223-i_nails.png";"Clous en Fer";"Métaux et minerais"
"https://media.wikily.gg/44c3d800-a707-461b-bd60-cfecbe25cd73/2026-09-22/b38b157d-d223-4b29-b715-ca4d68966a8a-i_key_cmmn_1.png";"Clé du Donjon de l'Inquisition";"Objets de quête"
"https://media.wikily.gg/44c3d800-a707-461b-bd60-cfecbe25cd73/2026-09-22/4f29cf4c-ec4f-48e1-9c71-0333b225a9cb-i_keys_looters.png";"Clés des Pillards";"Objets de quête"
"https://media.wikily.gg/44c3d800-a707-461b-bd60-cfecbe25cd73/2026-09-22/acc23fcd-58c6-4cfd-94a1-dff16fc59649-i_grave_bot_wd_1.png";"Clôture en Bois I";"Cimetière"
"https://media.wikily.gg/44c3d800-a707-461b-bd60-cfecbe25cd73/2026-09-22/ef6333ea-1b7b-4b2c-839e-5c7fc0badb23-i_grave_bot_wd_2.png";"Clôture en Bois II";"Cimetière"
"https://media.wikily.gg/44c3d800-a707-461b-bd60-cfecbe25cd73/2026-09-22/11483fd6-6a7d-470c-88db-8db43db6a234-i_grave_bot_mrb_1.png";"Clôture en Marbre I";"Cimetière"
"https://media.wikily.gg/44c3d800-a707-461b-bd60-cfecbe25cd73/2026-09-22/22b56e81-1813-40a7-b92f-958724d2aa3f-i_grave_bot_mrb_2.png";"Clôture en Marbre II";"Cimetière"
"https://media.wikily.gg/44c3d800-a707-461b-bd60-cfecbe25cd73/2026-09-22/a6335a91-f151-4eb1-bbc5-9877541cb683-i_grave_bot_stn_1.png";"Clôture en Pierre I";"Cimetière"
"https://media.wikily.gg/44c3d800-a707-461b-bd60-cfecbe25cd73/2026-09-22/245dc574-928d-4f8a-8591-1d43b970edc4-i_grave_bot_stn_2.png";"Clôture en Pierre II";"Cimetière"
"https://media.wikily.gg/44c3d800-a707-461b-bd60-cfecbe25cd73/2026-09-22/60f15924-e658-46a7-b23d-cbfbc78b1463-i_chest_myst.png";"Coffre Mystérieux";"Objets de Valeur"
"https://media.wikily.gg/44c3d800-a707-461b-bd60-cfecbe25cd73/2026-09-22/0aa27393-7401-4c57-8518-cd037b27a57a-i_collar_steel.png";"Collier de Zombie en Acier";"Cimetière"
"https://media.wikily.gg/44c3d800-a707-461b-bd60-cfecbe25cd73/2026-09-22/841f4fea-bd64-4199-afef-6943ccfce4b8-i_collar_bronze.png";"Collier de Zombie en Bronze";"Cimetière"
"https://media.wikily.gg/44c3d800-a707-461b-bd60-cfecbe25cd73/2026-09-22/b07b6373-c453-4cbd-a928-5248f01c0a37-i_collar_gold.png";"Collier de Zombie en Or";"Cimetière"
"https://media.wikily.gg/44c3d800-a707-461b-bd60-cfecbe25cd73/2026-09-22/9a7b337d-3e3d-4396-8277-d879855e9918-i_doctor_meeting.png";"Combinaison Secrète";"Objets de quête"
"https://media.wikily.gg/44c3d800-a707-461b-bd60-cfecbe25cd73/2026-09-22/881cfdb1-aea5-4fb8-8849-bdae1481a93d-i_fire.png";"Combustible";"Ressources"
"https://media.wikily.gg/44c3d800-a707-461b-bd60-cfecbe25cd73/2026-09-22/78e7b644-d151-4714-8540-23cf024c81ff-i_preservative.png";"Conservateur";"Potions"
"https://media.wikily.gg/44c3d800-a707-461b-bd60-cfecbe25cd73/2026-09-22/c2c02337-13b8-4b04-ba1b-c23d91b7434a-i_crystal_goddess.png";"Cristal Bleu";"Alchimie"
"https://media.wikily.gg/44c3d800-a707-461b-bd60-cfecbe25cd73/2026-09-22/673de891-0085-466d-b4db-d7dc83a1206e-i_croissant.png";"Croissant";"Nourriture"
"https://media.wikily.gg/44c3d800-a707-461b-bd60-cfecbe25cd73/2026-09-22/39b2e8e0-d3d8-4008-9085-520c4c6b756f-i_grave_top_wd_1.png";"Croix en Bois I";"Cimetière"
"https://media.wikily.gg/44c3d800-a707-461b-bd60-cfecbe25cd73/2026-09-22/2f6fcee1-c2ed-4805-a7a2-66a07162b1d8-i_grave_top_wd_2.png";"Croix en Bois II";"Cimetière"
"https://media.wikily.gg/44c3d800-a707-461b-bd60-cfecbe25cd73/2026-09-22/c86fc1b4-95d6-4e15-a001-b48b79ec85d5-i_grave_top_mrb_1.png";"Croix en Marbre I";"Cimetière"
"https://media.wikily.gg/44c3d800-a707-461b-bd60-cfecbe25cd73/2026-09-22/ca178cec-c220-43d9-a2e1-e744bf4cfbd1-i_grave_top_mrb_2.png";"Croix en Marbre II";"Cimetière"
"https://media.wikily.gg/44c3d800-a707-461b-bd60-cfecbe25cd73/2026-09-22/7f6f96e4-9dea-4a60-bb7d-b854a848d575-i_jug_milk.png";"Cruche de Lait";"Boissons"
"https://media.wikily.gg/44c3d800-a707-461b-bd60-cfecbe25cd73/2026-09-22/0a65c7ab-021f-41d1-9bf0-9b06eadee6c1-i_skull.png";"Crâne";"Parties de corps"
"https://media.wikily.gg/44c3d800-a707-461b-bd60-cfecbe25cd73/2026-09-22/0fe5e37d-c63f-4d7c-8754-95db023a645a-i_heart.png";"Cœur";"Parties de corps"
"https://media.wikily.gg/44c3d800-a707-461b-bd60-cfecbe25cd73/2026-09-22/51c42679-4c7f-4975-b36f-f5a4349663b2-i_bag_with_teeth.png";"Dent";"Parties de corps"
"https://media.wikily.gg/44c3d800-a707-461b-bd60-cfecbe25cd73/2026-09-22/d049d5db-7c38-45e0-b3aa-1ae2e9504498-i_frill.png";"Dentelle";"Matériaux de fabrication"
"https://media.wikily.gg/44c3d800-a707-461b-bd60-cfecbe25cd73/2026-09-22/5193d7a5-236d-4a35-976f-e0a2c07f740c-i_tool_book_2.png";"Dictionnaire";"Outils"
"https://media.wikily.gg/44c3d800-a707-461b-bd60-cfecbe25cd73/2026-09-22/3f13be61-2225-44c8-b943-71d4f4837769-i_fish_bream.png";"Dorade";"Poisson"
"https://media.wikily.gg/44c3d800-a707-461b-bd60-cfecbe25cd73/2026-09-22/aaa9908d-0f2b-49fd-9ad0-e7faacb98387-i_drape_luxury.png";"Draperies Grand Luxe";"Objets de quête"
"https://media.wikily.gg/44c3d800-a707-461b-bd60-cfecbe25cd73/2026-09-22/e9a96613-1fba-446d-9d2c-dccbe4504193-i_tnt.png";"Dynamite";"Objets de quête"
"https://media.wikily.gg/44c3d800-a707-461b-bd60-cfecbe25cd73/2026-09-22/bc2e6af2-794e-42ac-b8e9-5600089e12c8-i_bronze_scrap.png";"Débris en Bronze";"Métaux et minerais"
"https://media.wikily.gg/44c3d800-a707-461b-bd60-cfecbe25cd73/2026-09-22/48eacffd-3aa3-4452-b7bc-db5fe37ff749-i_water.png";"Eau";"Ingrédients"
"https://media.wikily.gg/44c3d800-a707-461b-bd60-cfecbe25cd73/2026-09-22/63a2fc71-ee55-4f92-ba1f-9f24dc0e2d0a-i_shield.png";"Emblème de Défenseur";"Bataille"
"https://media.wikily.gg/44c3d800-a707-461b-bd60-cfecbe25cd73/2026-09-22/1f08e93f-5d4d-4acd-8e2a-dd08aa49faff-i_incense_1.png";"Encens Simple";"Église"
"https://media.wikily.gg/44c3d800-a707-461b-bd60-cfecbe25cd73/2026-09-22/7ad63b3d-2e62-4f78-9c54-0482fa3942af-i_incense_2.png";"Encens Sophistiqué";"Église"
"https://media.wikily.gg/44c3d800-a707-461b-bd60-cfecbe25cd73/2026-09-22/0af82651-8d80-49b9-bfce-46c325fc77bc-i_ink_jar.png";"Encre";"Livres et papier"
"https://media.wikily.gg/44c3d800-a707-461b-bd60-cfecbe25cd73/2026-09-22/b4d6c234-ed60-47bd-81a1-8ae375848f09-i_fertilizer_farming_2.png";"Engrais d'Agriculture I";"Agriculture"
"https://media.wikily.gg/44c3d800-a707-461b-bd60-cfecbe25cd73/2026-09-22/aafe848e-885f-4501-95a3-1a050aae2e1f-i_fertilizer_farming_3.png";"Engrais d'Agriculture II";"Agriculture"
"https://media.wikily.gg/44c3d800-a707-461b-bd60-cfecbe25cd73/2026-09-22/36c27823-be4d-4bee-baad-e12f11a2b244-i_fertilizer_farming_5.png";"Engrais d'Agriculture III";"Agriculture"
"https://media.wikily.gg/44c3d800-a707-461b-bd60-cfecbe25cd73/2026-09-22/22b32b41-76be-4a7a-b894-23f2e1ddd3d0-i_fertilizer_start_bonus_1.png";"Engrais de Germination I";"Agriculture"
"https://media.wikily.gg/44c3d800-a707-461b-bd60-cfecbe25cd73/2026-09-22/6cdff348-082a-482d-9bb8-6c20e0ba5c43-i_fertilizer_start_bonus_2.png";"Engrais de Germination II";"Agriculture"
"https://media.wikily.gg/44c3d800-a707-461b-bd60-cfecbe25cd73/2026-09-22/924518f9-431c-4213-98df-de56396dfd5f-i_fertilizer_add_cells_2.png";"Engrais de Productivité I";"Agriculture"
"https://media.wikily.gg/44c3d800-a707-461b-bd60-cfecbe25cd73/2026-09-22/778df87b-bc03-4a6e-a1b8-7be2711e515d-i_bronze_gear.png";"Engrenage en Bronze";"Métaux et minerais"
"https://media.wikily.gg/44c3d800-a707-461b-bd60-cfecbe25cd73/2026-09-22/b781a059-e3c5-4ff0-8f39-21d330b3abc7-i_surgeon_mistake.png";"Erreur Chirurgicale";"Parties de corps"
"https://media.wikily.gg/44c3d800-a707-461b-bd60-cfecbe25cd73/2026-09-22/99cf5a27-2b76-49dd-b24d-02990e843214-i_fish_swamp_ghost.png";"Fantôme des Marais";"Poisson"
"https://media.wikily.gg/44c3d800-a707-461b-bd60-cfecbe25cd73/2026-09-22/95c6dc33-7a60-4b08-b2a5-8cbf609249ee-i_flour.png";"Farine";"Ingrédients"
"https://media.wikily.gg/44c3d800-a707-461b-bd60-cfecbe25cd73/2026-09-22/852be181-d9b0-4d11-9270-160b52b6e052-i_chair_comfortable.png";"Fauteuil Confortable";"Objets de quête"
"https://media.wikily.gg/44c3d800-a707-461b-bd60-cfecbe25cd73/2026-09-22/53267b6f-bf70-4943-b519-fcac538aceb0-i_crop_waste.png";"Feuille";"Cueillette"
"https://media.wikily.gg/44c3d800-a707-461b-bd60-cfecbe25cd73/2026-09-22/1f5c7d3b-089e-474b-8e21-1f5ede4ff1ad-i_thread_flax.png";"Fil de Lin";"Matériaux de fabrication"
"https://media.wikily.gg/44c3d800-a707-461b-bd60-cfecbe25cd73/2026-09-22/e1cc908f-9a01-4690-bded-f1a2244316e5-i_fillet_fish_blue.png";"Filet de Poisson Mystère";"Ingrédients"
"https://media.wikily.gg/44c3d800-a707-461b-bd60-cfecbe25cd73/2026-09-22/0dbd3b3c-f5a3-440d-84a1-96427c6a32b1-i_fillet_fish_red.png";"Filet de Poisson de Mer";"Ingrédients"
"https://media.wikily.gg/44c3d800-a707-461b-bd60-cfecbe25cd73/2026-09-22/936a11ea-1375-4368-9f94-96920bedf02d-i_fillet_fish_white.png";"Filet de Poisson de Rivière";"Ingrédients"
"https://media.wikily.gg/44c3d800-a707-461b-bd60-cfecbe25cd73/2026-09-22/8ca63068-5a9d-4398-852c-b641f17059d3-i_baked_salmon.png";"Filet de Saumon";"Nourriture"
"https://media.wikily.gg/44c3d800-a707-461b-bd60-cfecbe25cd73/2026-09-22/9be42ddd-8fee-43a4-993b-d7ed6478e4a8-i_flask_acid.png";"Fioles d'Alchimie";"Ressources"
"https://media.wikily.gg/44c3d800-a707-461b-bd60-cfecbe25cd73/2026-09-22/05447405-00d1-46c0-94e3-5457251bc35b-i_glass_1.png";"Fioles d'Alchimie I";"Matériaux de fabrication"
"https://media.wikily.gg/44c3d800-a707-461b-bd60-cfecbe25cd73/2026-09-22/6f12be27-22d0-4dbc-bf38-5b3cbc52cf79-i_glass_2.png";"Fioles d'Alchimie II";"Matériaux de fabrication"
"https://media.wikily.gg/44c3d800-a707-461b-bd60-cfecbe25cd73/2026-09-22/1fed1dce-ad23-49ce-bba9-8d799d4bc39a-i_flower_night.png";"Fleur de Nuit";"Cueillette"
"https://media.wikily.gg/44c3d800-a707-461b-bd60-cfecbe25cd73/2026-09-22/28c27ea5-8f99-4072-8b25-a1563aea6cb9-i_faith.png";"Foi";"Ressources"
"https://media.wikily.gg/44c3d800-a707-461b-bd60-cfecbe25cd73/2026-09-22/18d22ef8-9db8-4928-b029-532ad736de54-i_box_appliances_1.png";"Fournitures : Appareillage I";"Fournitures (Ville)"
"https://media.wikily.gg/44c3d800-a707-461b-bd60-cfecbe25cd73/2026-09-22/7222a8f2-4f96-46ca-a2f0-ed01bea19dbe-i_box_appliances_2.png";"Fournitures : Appareillage II";"Fournitures (Ville)"
"https://media.wikily.gg/44c3d800-a707-461b-bd60-cfecbe25cd73/2026-09-22/2d5a0c14-a148-4251-86f5-64bfcf795891-i_box_beer.png";"Fournitures : Bière";"Fournitures (Ville)"
"https://media.wikily.gg/44c3d800-a707-461b-bd60-cfecbe25cd73/2026-09-22/77dd0f3d-ce0e-4ac2-b550-52e14da1385c-i_box_preserves_1.png";"Fournitures : Conserves I";"Fournitures (Ville)"
"https://media.wikily.gg/44c3d800-a707-461b-bd60-cfecbe25cd73/2026-09-22/d2d4d857-c67a-4be7-8ab3-674b618f2f52-i_box_preserves_2.png";"Fournitures : Conserves II";"Fournitures (Ville)"
"https://media.wikily.gg/44c3d800-a707-461b-bd60-cfecbe25cd73/2026-09-22/ac6a0e4e-8e5f-4b01-9b1d-dcbc86857ce0-i_box_cutlery_1.png";"Fournitures : Coutellerie I";"Fournitures (Ville)"
"https://media.wikily.gg/44c3d800-a707-461b-bd60-cfecbe25cd73/2026-09-22/6bb8b354-febd-47d3-be13-67eb8f640caf-i_box_cutlery_2.png";"Fournitures : Coutellerie II";"Fournitures (Ville)"
"https://media.wikily.gg/44c3d800-a707-461b-bd60-cfecbe25cd73/2026-09-22/63bbe30d-94b2-4ec3-a8e5-192a6f4c42f3-i_box_flour.png";"Fournitures : Farine";"Fournitures (Ville)"
"https://media.wikily.gg/44c3d800-a707-461b-bd60-cfecbe25cd73/2026-09-22/51ca6d00-fa83-45d9-a629-d38abe585823-i_box_iron.png";"Fournitures : Fer";"Fournitures (Ville)"
"https://media.wikily.gg/44c3d800-a707-461b-bd60-cfecbe25cd73/2026-09-22/af3b7fa1-3fde-46f3-9e45-6b1916c60724-i_box_vegetables.png";"Fournitures : Légumes";"Fournitures (Ville)"
"https://media.wikily.gg/44c3d800-a707-461b-bd60-cfecbe25cd73/2026-09-22/478d19f6-5937-4795-a5fa-67db21a2c6ec-i_box_building_kit_1.png";"Fournitures : Matériaux de Construction I";"Fournitures (Ville)"
"https://media.wikily.gg/44c3d800-a707-461b-bd60-cfecbe25cd73/2026-09-22/a985eb86-38a7-4cce-8639-ddc96de46306-i_box_building_kit_2.png";"Fournitures : Matériaux de Construction II";"Fournitures (Ville)"
"https://media.wikily.gg/44c3d800-a707-461b-bd60-cfecbe25cd73/2026-09-22/5af61e29-907b-4408-908d-4896bf258f46-i_box_furniture_1.png";"Fournitures : Meubles I";"Fournitures (Ville)"
"https://media.wikily.gg/44c3d800-a707-461b-bd60-cfecbe25cd73/2026-09-22/df5fb7b8-6b23-4afb-9991-b6d3c38009bd-i_box_furniture_2.png";"Fournitures : Meubles II";"Fournitures (Ville)"
"https://media.wikily.gg/44c3d800-a707-461b-bd60-cfecbe25cd73/2026-09-22/d935dcb3-1ad5-418d-869f-278b17e4f234-i_box_engineering_mechanism.png";"Fournitures : Mécanismes d'Ingénierie";"Fournitures (Ville)"
"https://media.wikily.gg/44c3d800-a707-461b-bd60-cfecbe25cd73/2026-09-22/3b973146-2c11-4813-b4c5-e98733c8775d-i_box_tools_steel.png";"Fournitures : Outils en Acier";"Fournitures (Ville)"
"https://media.wikily.gg/44c3d800-a707-461b-bd60-cfecbe25cd73/2026-09-22/7bfb3bcd-b282-44ea-8659-ab8261c861f6-i_box_tools_iron.png";"Fournitures : Outils en Fer";"Fournitures (Ville)"
"https://media.wikily.gg/44c3d800-a707-461b-bd60-cfecbe25cd73/2026-09-22/62e115b9-c4d7-4bb3-912f-4b5d8582b1a6-i_box_fabric.png";"Fournitures : Tissu";"Fournitures (Ville)"
"https://media.wikily.gg/44c3d800-a707-461b-bd60-cfecbe25cd73/2026-09-22/8a3d58cc-a615-4462-84ec-bb7dc95eedca-i_box_kitchen_utensils.png";"Fournitures : Ustensiles de Cuisine";"Fournitures (Ville)"
"https://media.wikily.gg/44c3d800-a707-461b-bd60-cfecbe25cd73/2026-09-22/552907ce-e5db-42b6-aa11-2eb6d9072831-i_box_vine.png";"Fournitures : Vin";"Fournitures (Ville)"
"https://media.wikily.gg/44c3d800-a707-461b-bd60-cfecbe25cd73/2026-09-22/91108e36-4f87-45c7-8695-80ff096472f5-i_box_clothes_1.png";"Fournitures : Vêtements I";"Fournitures (Ville)"
"https://media.wikily.gg/44c3d800-a707-461b-bd60-cfecbe25cd73/2026-09-22/5b8e3b97-3fe6-4d21-a495-eb0ae7169c47-i_box_clothes_2.png";"Fournitures : Vêtements II";"Fournitures (Ville)"
"https://media.wikily.gg/44c3d800-a707-461b-bd60-cfecbe25cd73/2026-09-22/9a7da5b8-a4fd-4840-b8f5-a6b512a8c3b4-i_portal_stone_greed.png";"Fragment de Portail Avarice";"Objets de quête"
"https://media.wikily.gg/44c3d800-a707-461b-bd60-cfecbe25cd73/2026-09-22/e583116a-414f-4e5d-b516-9ad2e18b1de5-i_portal_stone_wrath.png";"Fragment de Portail Colère";"Objets de quête"
"https://media.wikily.gg/44c3d800-a707-461b-bd60-cfecbe25cd73/2026-09-22/3eff6a91-718a-4347-b292-688cb75ba38a-i_portal_stone_envy.png";"Fragment de Portail Envie";"Objets de quête"
"https://media.wikily.gg/44c3d800-a707-461b-bd60-cfecbe25cd73/2026-09-22/d3b97bbd-7741-452e-ac62-24825aa3b685-i_portal_stone_gluttony.png";"Fragment de Portail Gourmandise";"Objets de quête"
"https://media.wikily.gg/44c3d800-a707-461b-bd60-cfecbe25cd73/2026-09-22/ff4332a1-de6e-4d78-a615-e8eb2503f150-i_portal_stone_lust.png";"Fragment de Portail Luxure";"Objets de quête"
"https://media.wikily.gg/44c3d800-a707-461b-bd60-cfecbe25cd73/2026-09-22/8edd7844-5557-423f-bd49-4503718cd275-i_portal_stone_pride.png";"Fragment de Portail Orgueil";"Objets de quête"
"https://media.wikily.gg/44c3d800-a707-461b-bd60-cfecbe25cd73/2026-09-22/5fd594b1-0788-4685-8f6b-9ae7d6ae8808-i_portal_stone_sloth.png";"Fragment de Portail Paresse";"Objets de quête"
"https://media.wikily.gg/44c3d800-a707-461b-bd60-cfecbe25cd73/2026-09-22/050bd2d9-d967-4b6b-80a7-0755344f4c65-i_fragrance.png";"Fragrance";"Alchimie"
"https://media.wikily.gg/44c3d800-a707-461b-bd60-cfecbe25cd73/2026-09-22/3fdbe399-07c5-4371-b2ee-85d6db346176-i_cheese.png";"Fromage";"Ingrédients"
"https://media.wikily.gg/44c3d800-a707-461b-bd60-cfecbe25cd73/2026-09-22/a71c0f9a-9ea9-4664-bede-4b9d00a9f957-i_fish_roach.png";"Gardon";"Poisson"
"https://media.wikily.gg/44c3d800-a707-461b-bd60-cfecbe25cd73/2026-09-22/bacd420d-5390-41bd-a8bf-412c6bd32183-i_faceted_emerald.png";"Gemme";"Objets de Valeur"
"https://media.wikily.gg/44c3d800-a707-461b-bd60-cfecbe25cd73/2026-09-22/eb9561b7-8ce3-4336-8d83-9a097202940f-i_zombie_goo.png";"Glaire de Zombie";"Alchimie"
"https://media.wikily.gg/44c3d800-a707-461b-bd60-cfecbe25cd73/2026-09-22/9b938d82-830c-4650-a34d-51ea32b31bb9-i_tool_book_3.png";"Glossaire";"Outils"
"https://media.wikily.gg/44c3d800-a707-461b-bd60-cfecbe25cd73/2026-09-22/4498885d-6558-4765-8267-01a7dc29fb52-i_fish_gudgeon.png";"Goujon";"Poisson"
"https://media.wikily.gg/44c3d800-a707-461b-bd60-cfecbe25cd73/2026-09-22/6ad30b29-9223-46e1-9658-e15a8e84a72f-i_wheat_seed.png";"Grain de Blé";"Agriculture"
"https://media.wikily.gg/44c3d800-a707-461b-bd60-cfecbe25cd73/2026-09-22/ef7b599e-2f64-4ae5-90f0-5f5189909bf2-i_onion_seed.png";"Graine d'Oignon";"Agriculture"
"https://media.wikily.gg/44c3d800-a707-461b-bd60-cfecbe25cd73/2026-09-22/14d0621c-27c8-49a1-8fe2-50f87c9e3790-i_beet_seed.png";"Graine de Betterave";"Agriculture"
"https://media.wikily.gg/44c3d800-a707-461b-bd60-cfecbe25cd73/2026-09-22/6fd26e67-ef29-4619-84f6-c673ad3e1c38-i_carrot_seed.png";"Graine de Carotte";"Agriculture"
"https://media.wikily.gg/44c3d800-a707-461b-bd60-cfecbe25cd73/2026-09-22/c93d94b7-3c11-4ebc-a624-145706e883dd-i_cabbage_seed.png";"Graine de Chou";"Agriculture"
"https://media.wikily.gg/44c3d800-a707-461b-bd60-cfecbe25cd73/2026-09-22/765a7679-1ba7-4aa0-a2cc-b040a7667baf-i_pumpkin_seed.png";"Graine de Citrouille";"Agriculture"
"https://media.wikily.gg/44c3d800-a707-461b-bd60-cfecbe25cd73/2026-09-22/d7ef9fc8-591a-4199-8314-de98e470799a-i_hop_seed.png";"Graine de Houblon";"Agriculture"
"https://media.wikily.gg/44c3d800-a707-461b-bd60-cfecbe25cd73/2026-09-22/b8e0b2ce-1261-46c1-9d52-8456ff43e32f-i_flax_seed.png";"Graine de Lin";"Agriculture"
"https://media.wikily.gg/44c3d800-a707-461b-bd60-cfecbe25cd73/2026-09-22/c6f3d9ce-db8d-44d8-95ca-d20f4bb8a4ec-i_grapes_seed.png";"Graine de Raisin";"Agriculture"
"https://media.wikily.gg/44c3d800-a707-461b-bd60-cfecbe25cd73/2026-09-22/3a065b49-1c8e-43ea-862b-cbfd60478933-i_fat.png";"Graisse";"Parties de corps"
"https://media.wikily.gg/44c3d800-a707-461b-bd60-cfecbe25cd73/2026-09-22/03d110c2-7863-4b0f-b220-ff92b58f9462-i_polishing_paste.png";"Graisse Fondue";"Alchimie"
"https://media.wikily.gg/44c3d800-a707-461b-bd60-cfecbe25cd73/2026-09-22/0cb9b36e-0cc4-4d67-9fcd-a37935021500-i_bag_universal_big.png";"Grand Sac Fourre-Tout";"Sacs"
"https://media.wikily.gg/44c3d800-a707-461b-bd60-cfecbe25cd73/2026-09-22/ba29eb4c-dd02-4014-9979-b59f12c8f759-i_town_gratitude.png";"Gratitude de la Ville";"Ressources"
"https://media.wikily.gg/44c3d800-a707-461b-bd60-cfecbe25cd73/2026-09-22/c59a0965-29da-48d5-a438-557901056846-i_fish_frog_green.png";"Grenouille";"Poisson"
"https://media.wikily.gg/44c3d800-a707-461b-bd60-cfecbe25cd73/2026-09-22/d9e0e6ca-6464-47be-a46c-77f9c082d832-i_royal_pardon.png";"Grâce Royale";"Objets de quête"
"https://media.wikily.gg/44c3d800-a707-461b-bd60-cfecbe25cd73/2026-09-22/2e9e4176-4ae9-4a8e-98dc-964b4d648036-i_axe_0.png";"Hache Rouillée";"Outils"
"https://media.wikily.gg/44c3d800-a707-461b-bd60-cfecbe25cd73/2026-09-22/e8874b42-b726-4e93-8147-417ab0863406-i_axe_3.png";"Hache en Acier";"Outils"
"https://media.wikily.gg/44c3d800-a707-461b-bd60-cfecbe25cd73/2026-09-22/3568bec1-bce4-431a-babf-99939cef7a6e-i_bronze_axe.png";"Hache en Bronze";"Outils"
"https://media.wikily.gg/44c3d800-a707-461b-bd60-cfecbe25cd73/2026-09-22/5054aa1a-a77a-43ce-b6ef-7a93312f876e-i_axe_2.png";"Hache en Fer";"Outils"
"https://media.wikily.gg/44c3d800-a707-461b-bd60-cfecbe25cd73/2026-09-22/7491f509-994e-4091-a1bb-74d39a0be4e3-i_burger.png";"Hamburger";"Nourriture"
"https://media.wikily.gg/44c3d800-a707-461b-bd60-cfecbe25cd73/2026-09-22/a1e69fce-0ede-4a32-b879-9b0bcb295380-i_hop_crop.png";"Houblon";"Agriculture"
"https://media.wikily.gg/44c3d800-a707-461b-bd60-cfecbe25cd73/2026-09-22/eee0c264-69dd-408e-b50e-555428fb9a90-i_seed_oil.png";"Huile de Graines";"Ingrédients"
"https://media.wikily.gg/44c3d800-a707-461b-bd60-cfecbe25cd73/2026-09-22/7d2f863b-dfd0-4ebe-bc35-e1a9a553ba04-i_cup_mead.png";"Hydromel";"Boissons"
"https://media.wikily.gg/44c3d800-a707-461b-bd60-cfecbe25cd73/2026-09-22/6f82d603-84c2-44ee-95e8-145f0e150dfc-i_hypno_device.png";"Hypno-Bidule";"Objets de quête"
"https://media.wikily.gg/44c3d800-a707-461b-bd60-cfecbe25cd73/2026-09-22/0612ae9d-ba27-4ddb-99d6-d763e690fc80-i_hypno_device_charged.png";"Hypno-Bidule Chargé";"Objets de quête"
"https://media.wikily.gg/44c3d800-a707-461b-bd60-cfecbe25cd73/2026-09-22/3124d610-d8db-40d6-8c66-dae741056f8c-i_bottle_berry_vine_1.png";"Jus de Baies";"Boissons"
"https://media.wikily.gg/44c3d800-a707-461b-bd60-cfecbe25cd73/2026-09-22/659e8285-71d5-458d-8bea-c0af25bb178a-i_blue_berry_juice.png";"Jus de Myrtille";"Boissons"
"https://media.wikily.gg/44c3d800-a707-461b-bd60-cfecbe25cd73/2026-09-22/5a254206-23bd-4c6c-a543-1e4438596a47-i_bottle_apple_vine_1.png";"Jus de Pomme";"Boissons"
"https://media.wikily.gg/44c3d800-a707-461b-bd60-cfecbe25cd73/2026-09-22/9393abd7-e60e-4279-b240-37a5259a38b9-i_alchemy_kit_2.png";"Kit d'Alchimiste";"Outils"
"https://media.wikily.gg/44c3d800-a707-461b-bd60-cfecbe25cd73/2026-09-22/00e36efa-1556-4455-ab0f-29f5a1e2bc45-i_alchemy_kit_1.png";"Kit d'Alchimiste Débutant";"Outils"
"https://media.wikily.gg/44c3d800-a707-461b-bd60-cfecbe25cd73/2026-09-22/799fa60c-d4ca-4dd1-abf3-00a15ef242d9-i_alchemy_kit_3.png";"Kit d'Alchimiste Émérite";"Outils"
"https://media.wikily.gg/44c3d800-a707-461b-bd60-cfecbe25cd73/2026-09-22/9003fc1f-288f-4e81-89a4-7376c5e831cd-i_furniture_kit_1.png";"Kit d'Ameublement I";"Matériaux de construction"
"https://media.wikily.gg/44c3d800-a707-461b-bd60-cfecbe25cd73/2026-09-22/165a0a5f-e1e4-4262-964e-4761920e758d-i_furniture_kit_2.png";"Kit d'Ameublement II";"Matériaux de construction"
"https://media.wikily.gg/44c3d800-a707-461b-bd60-cfecbe25cd73/2026-09-22/f9276661-d9cd-4db9-b505-6da102343e09-i_engineering_kit.png";"Kit d'Ingénierie";"Matériaux de construction"
"https://media.wikily.gg/44c3d800-a707-461b-bd60-cfecbe25cd73/2026-09-22/92dded2a-dd59-4d70-82b3-b7ec184dfd4b-i_wooden_kit_1.png";"Kit de Bois I";"Matériaux de construction"
"https://media.wikily.gg/44c3d800-a707-461b-bd60-cfecbe25cd73/2026-09-22/2861aa64-e022-448d-8d53-88461c3ae226-i_wooden_kit_2.png";"Kit de Bois II";"Matériaux de construction"
"https://media.wikily.gg/44c3d800-a707-461b-bd60-cfecbe25cd73/2026-09-22/86f94de4-b19d-4005-b3f6-6a8248fe4fa5-i_surgical_kit_1.png";"Kit de Boucher";"Outils"
"https://media.wikily.gg/44c3d800-a707-461b-bd60-cfecbe25cd73/2026-09-22/23ece3ca-fb14-40a1-87d2-32344f5db0fa-i_surgical_kit_2.png";"Kit de Chirurgien";"Outils"
"https://media.wikily.gg/44c3d800-a707-461b-bd60-cfecbe25cd73/2026-09-22/c68a4150-4d6f-4b1a-bb95-cae2d521a0a8-i_building_kit_1.png";"Kit de Construction I";"Matériaux de construction"
"https://media.wikily.gg/44c3d800-a707-461b-bd60-cfecbe25cd73/2026-09-22/6da69a55-a6c8-4573-bb2f-6b14c4295e94-i_building_kit_2.png";"Kit de Construction II";"Matériaux de construction"
"https://media.wikily.gg/44c3d800-a707-461b-bd60-cfecbe25cd73/2026-09-22/3934df19-11ae-4f86-815f-52a104abe6a9-i_iron_kit_1.png";"Kit de Fer I";"Matériaux de construction"
"https://media.wikily.gg/44c3d800-a707-461b-bd60-cfecbe25cd73/2026-09-22/f9f22b34-a8c7-47b0-b56a-84eac52c2874-i_iron_kit_2.png";"Kit de Fer II";"Matériaux de construction"
"https://media.wikily.gg/44c3d800-a707-461b-bd60-cfecbe25cd73/2026-09-22/9ad85e5c-41c8-4fa8-b991-6b9617e6fa8c-i_marble_kit.png";"Kit de Marbre";"Matériaux de construction"
"https://media.wikily.gg/44c3d800-a707-461b-bd60-cfecbe25cd73/2026-09-22/3c16eda5-59d1-4ed4-b282-fdafdec771b0-i_surgical_kit_3.png";"Kit de Maître Chirurgien";"Outils"
"https://media.wikily.gg/44c3d800-a707-461b-bd60-cfecbe25cd73/2026-09-22/121e16eb-9aca-4d42-b739-37f568bd6333-i_stone_kit_1.png";"Kit de Pierre";"Matériaux de construction"
"https://media.wikily.gg/44c3d800-a707-461b-bd60-cfecbe25cd73/2026-09-22/80e86e9e-a229-46ee-a6d0-e29bfa6b5ed6-i_science_kit_1.png";"Kit de Science I";"Livres et papier"
"https://media.wikily.gg/44c3d800-a707-461b-bd60-cfecbe25cd73/2026-09-22/f9148c18-a875-42a9-823f-e2b3a223a4d3-i_science_kit_2.png";"Kit de Science II";"Livres et papier"
"https://media.wikily.gg/44c3d800-a707-461b-bd60-cfecbe25cd73/2026-09-22/4bc9340f-f61e-4347-9d05-08f1596e7ff1-i_sculpture_kit_1.png";"Kit de Sculpture I";"Matériaux de construction"
"https://media.wikily.gg/44c3d800-a707-461b-bd60-cfecbe25cd73/2026-09-22/55c2e09f-5541-416f-b093-7be026ab95d2-i_sculpture_kit_2.png";"Kit de Sculpture II";"Matériaux de construction"
"https://media.wikily.gg/44c3d800-a707-461b-bd60-cfecbe25cd73/2026-09-22/32017e17-4fce-476a-9e4a-48e916762713-i_fish_kraken.png";"Kraken Junior";"Poisson"
"https://media.wikily.gg/44c3d800-a707-461b-bd60-cfecbe25cd73/2026-09-22/e44f4b9d-3dbc-412d-b8ab-e744447f42c5-i_spear_t4.png";"Lance de Chevalier";"Armes et armures"
"https://media.wikily.gg/44c3d800-a707-461b-bd60-cfecbe25cd73/2026-09-22/dc05a168-c841-47e7-a6fb-e01fbdaad141-i_lacquer.png";"Laque";"Alchimie"
"https://media.wikily.gg/44c3d800-a707-461b-bd60-cfecbe25cd73/2026-09-22/8d515360-5e84-4bd4-90d1-2b830e27b765-i_lasagne.png";"Lasagnes";"Nourriture"
"https://media.wikily.gg/44c3d800-a707-461b-bd60-cfecbe25cd73/2026-09-22/dab0766f-45de-400a-8962-cb4bff99be4d-i_lense.png";"Lentilles";"Matériaux de construction"
"https://media.wikily.gg/44c3d800-a707-461b-bd60-cfecbe25cd73/2026-09-22/f224619d-20ae-4f14-8b11-67c2beabbbc8-i_flax_crop.png";"Lin";"Agriculture"
"https://media.wikily.gg/44c3d800-a707-461b-bd60-cfecbe25cd73/2026-09-22/ef06bda8-1720-42d6-bed9-535e7efb9a07-i_ingot_steel.png";"Lingot d'Acier";"Métaux et minerais"
"https://media.wikily.gg/44c3d800-a707-461b-bd60-cfecbe25cd73/2026-09-22/ef976bd9-a2be-45dc-a9dd-76393fc07cef-i_ingot_gold.png";"Lingot d'Or";"Métaux et minerais"
"https://media.wikily.gg/44c3d800-a707-461b-bd60-cfecbe25cd73/2026-09-22/fa44f705-30cc-49ae-ae16-c44504ce19c9-i_ingot_bronze.png";"Lingot de Bronze";"Métaux et minerais"
"https://media.wikily.gg/44c3d800-a707-461b-bd60-cfecbe25cd73/2026-09-22/b7c1788e-d79e-4219-9680-a19c85dcab3a-i_ingot_metal.png";"Lingot de Fer";"Métaux et minerais"
"https://media.wikily.gg/44c3d800-a707-461b-bd60-cfecbe25cd73/2026-09-22/7a2348ad-dd00-4cc7-befb-209eb3ff184d-i_harden_liquid.png";"Liquide Tanique";"Alchimie"
"https://media.wikily.gg/44c3d800-a707-461b-bd60-cfecbe25cd73/2026-09-22/da1f1123-8781-4224-b3ad-7345e405fc8f-i_pot_zombie_rise.png";"Liquide de Réanimation";"Potions"
"https://media.wikily.gg/44c3d800-a707-461b-bd60-cfecbe25cd73/2026-09-22/fdf5847d-a940-4529-b337-9c7358bb39b8-i_fireflight.png";"Luciole";"Cueillette"
"https://media.wikily.gg/44c3d800-a707-461b-bd60-cfecbe25cd73/2026-09-22/3c1320e8-28b5-488c-8944-5e027a85170c-i_hand_tool.png";"Mains";"Outils"
"https://media.wikily.gg/44c3d800-a707-461b-bd60-cfecbe25cd73/2026-09-22/502fa81c-1edb-4998-b358-5d40b724447b-i_fish_mackerel.png";"Maquereau";"Poisson"
"https://media.wikily.gg/44c3d800-a707-461b-bd60-cfecbe25cd73/2026-09-22/19f483d3-ef74-4a5e-87ee-8c77c5d55a8f-i_1h_marble.png";"Marbre";"Matériaux de construction"
"https://media.wikily.gg/44c3d800-a707-461b-bd60-cfecbe25cd73/2026-09-22/705d02d3-0086-40b1-bdb8-3f45ed1304bf-i_marble_plate_3.png";"Marbre Gravé";"Matériaux de construction"
"https://media.wikily.gg/44c3d800-a707-461b-bd60-cfecbe25cd73/2026-09-22/204483d9-a9bb-4c54-8068-aab99bc1d1c2-i_marble_plate_2.png";"Marbre Poli";"Matériaux de construction"
"https://media.wikily.gg/44c3d800-a707-461b-bd60-cfecbe25cd73/2026-09-22/b9a1bf24-59dc-4bae-9a74-39c5895d41b8-i_hammer_0.png";"Marteau Rouillé";"Outils"
"https://media.wikily.gg/44c3d800-a707-461b-bd60-cfecbe25cd73/2026-09-22/a46e14fb-8174-4fe5-944b-8c835ff126ee-i_hammer_2.png";"Marteau en Acier";"Outils"
"https://media.wikily.gg/44c3d800-a707-461b-bd60-cfecbe25cd73/2026-09-22/52490128-3413-45d9-a973-7717f6807689-i_bronze_hammer.png";"Marteau en Bronze";"Outils"
"https://media.wikily.gg/44c3d800-a707-461b-bd60-cfecbe25cd73/2026-09-22/aafe4be4-b7ef-44e9-93f7-55dd7a5e1fcb-i_hammer_1.png";"Marteau en Fer";"Outils"
"https://media.wikily.gg/44c3d800-a707-461b-bd60-cfecbe25cd73/2026-09-22/df59af13-29a1-4ba2-b840-f8846fa5b70b-i_honey.png";"Miel";"Cueillette"
"https://media.wikily.gg/44c3d800-a707-461b-bd60-cfecbe25cd73/2026-09-22/617a05de-a57a-4c14-a866-1e383585716f-i_1h_ore_metal.png";"Minerai de Fer";"Métaux et minerais"
"https://media.wikily.gg/44c3d800-a707-461b-bd60-cfecbe25cd73/2026-09-22/3739fca7-a5dc-471c-8601-cd41868346f0-i_printed_money.png";"Monnaie Imprimée";"Objets de Valeur"
"https://media.wikily.gg/44c3d800-a707-461b-bd60-cfecbe25cd73/2026-09-22/ffbd9cc9-04b0-4460-b835-0b4d5197ed32-i_printed_money_signed.png";"Monnaie Imprimée Certifiée";"Objets de Valeur"
"https://media.wikily.gg/44c3d800-a707-461b-bd60-cfecbe25cd73/2026-09-22/c7dbdebb-9a97-4dbf-a787-7212335dbdce-i_wood_constr_1.png";"Montage du Bois";"Matériaux de construction"
"https://media.wikily.gg/44c3d800-a707-461b-bd60-cfecbe25cd73/2026-09-22/1adc876f-316b-4563-8c41-dd47d0d9c6e7-i_clay_molds.png";"Moules en Terre Cuite";"Matériaux de construction"
"https://media.wikily.gg/44c3d800-a707-461b-bd60-cfecbe25cd73/2026-09-22/a72156a5-8e96-4e26-ad24-35785cf0f5f6-i_muffin.png";"Muffin";"Nourriture"
"https://media.wikily.gg/44c3d800-a707-461b-bd60-cfecbe25cd73/2026-09-22/d1d3c4fd-2ff6-49ee-ac6d-ba032f726a6d-i_berry_blue.png";"Myrtille";"Cueillette"
"https://media.wikily.gg/44c3d800-a707-461b-bd60-cfecbe25cd73/2026-09-22/77c7da3e-b9d9-40d2-8d53-e3c69fc4faba-i_zombie_mechanism.png";"Mécanisme Zombie";"Matériaux de construction"
"https://media.wikily.gg/44c3d800-a707-461b-bd60-cfecbe25cd73/2026-09-22/af32459e-1bab-4d7d-b813-bd266a65a1ab-i_inq_medallion.png";"Médaillon d'Inquisiteur";"Objets de quête"
"https://media.wikily.gg/44c3d800-a707-461b-bd60-cfecbe25cd73/2026-09-22/3bfbabfc-5387-4a72-af1a-e1e326bec419-i_necronomicon.png";"Necronomicon";"Objets de quête"
"https://media.wikily.gg/44c3d800-a707-461b-bd60-cfecbe25cd73/2026-09-22/a5a173f5-804d-4584-ae9e-2498140ca811-i_note_bad.png";"Note d'Alchimiste";"Objets de quête"
"https://media.wikily.gg/44c3d800-a707-461b-bd60-cfecbe25cd73/2026-09-22/a5a173f5-804d-4584-ae9e-2498140ca811-i_note_bad.png";"Note d'Inquisiteur";"Objets de quête"
"https://media.wikily.gg/44c3d800-a707-461b-bd60-cfecbe25cd73/2026-09-22/a5a173f5-804d-4584-ae9e-2498140ca811-i_note_bad.png";"Note d'Inquisiteur I";"Objets de quête"
"https://media.wikily.gg/44c3d800-a707-461b-bd60-cfecbe25cd73/2026-09-22/a5a173f5-804d-4584-ae9e-2498140ca811-i_note_bad.png";"Note d'Inquisiteur II";"Objets de quête"
"https://media.wikily.gg/44c3d800-a707-461b-bd60-cfecbe25cd73/2026-09-22/a5a173f5-804d-4584-ae9e-2498140ca811-i_note_bad.png";"Note de Résurrection";"Objets de quête"
"https://media.wikily.gg/44c3d800-a707-461b-bd60-cfecbe25cd73/2026-09-22/a20877b8-3ae0-41a9-b561-c8cc9ac33976-i_scroll_music.png";"Notes de Musique";"Église"
"https://media.wikily.gg/44c3d800-a707-461b-bd60-cfecbe25cd73/2026-09-22/75e6f3db-a1f1-40d1-9113-07f8fcbb7227-i_onion_crop.png";"Oignon";"Agriculture"
"https://media.wikily.gg/44c3d800-a707-461b-bd60-cfecbe25cd73/2026-09-22/bcc73bb4-5109-49a2-beff-44596e87999d-i_bone.png";"Os";"Parties de corps"
"https://media.wikily.gg/44c3d800-a707-461b-bd60-cfecbe25cd73/2026-09-22/7292dd9a-3f72-452b-9d9a-0b74a890be54-i_small_instruments_3.png";"Outils en Acier";"Outils"
"https://media.wikily.gg/44c3d800-a707-461b-bd60-cfecbe25cd73/2026-09-22/e3fc4123-36f2-4e6d-bab9-e635c635a30d-i_small_instruments_1.png";"Outils en Bronze";"Outils"
"https://media.wikily.gg/44c3d800-a707-461b-bd60-cfecbe25cd73/2026-09-22/4be75c06-cdde-47bf-a82f-1af9861f93e6-i_small_instruments_2.png";"Outils en Fer";"Outils"
"https://media.wikily.gg/44c3d800-a707-461b-bd60-cfecbe25cd73/2026-09-22/e4e7d51d-ad57-4e66-b86a-970eb82ae36b-i_potato.png";"Pah-tât";"Objets de quête"
"https://media.wikily.gg/44c3d800-a707-461b-bd60-cfecbe25cd73/2026-09-22/8036e78d-fbf6-42ea-8401-7abecd3120bb-i_bread.png";"Pain";"Nourriture"
"https://media.wikily.gg/44c3d800-a707-461b-bd60-cfecbe25cd73/2026-09-22/baad8c6f-cf1c-42f3-9c95-2ff0cae0143e-i_paper_good.png";"Papier Propre";"Livres et papier"
"https://media.wikily.gg/44c3d800-a707-461b-bd60-cfecbe25cd73/2026-09-22/e6767e7a-fbef-4980-aafa-3ef36abd8f40-i_card_deck.png";"Paquet de Cartes";"Objets de quête"
"https://media.wikily.gg/44c3d800-a707-461b-bd60-cfecbe25cd73/2026-09-22/72f5f26d-8b78-4a17-ba39-223013bbbbe7-i_green_scroll.png";"Parchemin Vert";"Objets de quête"
"https://media.wikily.gg/44c3d800-a707-461b-bd60-cfecbe25cd73/2026-09-22/a4924c21-15d2-442d-b13a-7fb196fbf490-i_skroll_skin_pig.png";"Parchemin en Peau";"Livres et papier"
"https://media.wikily.gg/44c3d800-a707-461b-bd60-cfecbe25cd73/2026-09-22/98c13484-8e0b-4eb0-8db1-1f6fd0054de8-i_forest_pass.png";"Passe Forêt";"Objets de quête"
"https://media.wikily.gg/44c3d800-a707-461b-bd60-cfecbe25cd73/2026-09-22/049d7b0f-13cd-411e-9de0-e0104bf64328-i_skin.png";"Peau";"Parties de corps"
"https://media.wikily.gg/44c3d800-a707-461b-bd60-cfecbe25cd73/2026-09-22/64ae0302-2094-4f1f-9429-b43b7512d406-i_paint.png";"Peinture";"Alchimie"
"https://media.wikily.gg/44c3d800-a707-461b-bd60-cfecbe25cd73/2026-09-22/ecb56c05-939f-4e2c-93b6-5c27a2676b3f-i_shovel_0.png";"Pelle Rouillée";"Outils"
"https://media.wikily.gg/44c3d800-a707-461b-bd60-cfecbe25cd73/2026-09-22/0d81a174-f58b-4a06-a401-2b57e08d9602-i_shovel_2.png";"Pelle en Acier";"Outils"
"https://media.wikily.gg/44c3d800-a707-461b-bd60-cfecbe25cd73/2026-09-22/053669c9-5d4e-4cf1-a52d-a8e1e2d530a0-i_bronze_shovel.png";"Pelle en Bronze";"Outils"
"https://media.wikily.gg/44c3d800-a707-461b-bd60-cfecbe25cd73/2026-09-22/660182f8-47f4-4a34-8863-a050374ae090-i_shovel_1.png";"Pelle en Fer";"Outils"
"https://media.wikily.gg/44c3d800-a707-461b-bd60-cfecbe25cd73/2026-09-22/c65013bc-9ad3-4c27-8659-73ccf0fe442e-i_small_printing_press.png";"Petite Presse d'Imprimerie";"Objets de quête"
"https://media.wikily.gg/44c3d800-a707-461b-bd60-cfecbe25cd73/2026-09-22/37d61c89-aad1-40a9-a602-dff59b69d01c-i_1h_stone.png";"Pierre";"Matériaux de construction"
"https://media.wikily.gg/44c3d800-a707-461b-bd60-cfecbe25cd73/2026-09-22/8a1b835f-47d2-4b21-8ca1-39a36a9d67e9-i_philosopher_stone.png";"Pierre Philosophale";"Alchimie"
"https://media.wikily.gg/44c3d800-a707-461b-bd60-cfecbe25cd73/2026-09-22/07a3afff-77b5-48a1-b877-d373a873716e-i_stone_plate_2.png";"Pierre Polie";"Matériaux de construction"
"https://media.wikily.gg/44c3d800-a707-461b-bd60-cfecbe25cd73/2026-09-22/be3b3460-12e0-4fc6-b7a2-6d9a373afb0f-i_stone_plate_3.png";"Pierre Sculptée";"Matériaux de construction"
"https://media.wikily.gg/44c3d800-a707-461b-bd60-cfecbe25cd73/2026-09-22/9da96b5a-648c-424d-b6f4-9966434b6c51-i_grave_top_stn_1.png";"Pierre Tombale I";"Cimetière"
"https://media.wikily.gg/44c3d800-a707-461b-bd60-cfecbe25cd73/2026-09-22/931bfd4f-981d-4418-add4-b0c9ece29e7d-i_grave_top_stn_2.png";"Pierre Tombale II";"Cimetière"
"https://media.wikily.gg/44c3d800-a707-461b-bd60-cfecbe25cd73/2026-09-22/3a3552a4-f24f-4f8a-93ba-a371cff550e7-i_pickaxe_0.png";"Pioche Rouillée";"Outils"
"https://media.wikily.gg/44c3d800-a707-461b-bd60-cfecbe25cd73/2026-09-22/04d65e6a-a4b0-4faf-88fb-e594c02d68c9-i_pickaxe_2.png";"Pioche en Acier";"Outils"
"https://media.wikily.gg/44c3d800-a707-461b-bd60-cfecbe25cd73/2026-09-22/293f0460-1665-47d6-87d5-036d5bdc75d7-i_bronze_picaxe.png";"Pioche en Bronze";"Outils"
"https://media.wikily.gg/44c3d800-a707-461b-bd60-cfecbe25cd73/2026-09-22/56c18153-1952-4a30-ba31-8556ad990cae-i_pickaxe_1.png";"Pioche en Fer";"Outils"
"https://media.wikily.gg/44c3d800-a707-461b-bd60-cfecbe25cd73/2026-09-22/9ed41d0e-a635-45ec-a830-ce0d9157b19b-i_spear_bronze.png";"Pique Légère";"Armes et armures"
"https://media.wikily.gg/44c3d800-a707-461b-bd60-cfecbe25cd73/2026-09-22/b5e7d87b-2136-4620-b530-9ffed9a533bc-i_spear_t3.png";"Pique de Combat";"Armes et armures"
"https://media.wikily.gg/44c3d800-a707-461b-bd60-cfecbe25cd73/2026-09-22/3b8b5438-cdc2-4264-9863-e650741bf744-i_wooden_plank_reinf.png";"Planche Huilée";"Matériaux de construction"
"https://media.wikily.gg/44c3d800-a707-461b-bd60-cfecbe25cd73/2026-09-22/519f84ed-a850-4543-a2e5-8dd407b8a712-i_reinforced_plank.png";"Planche Renforcée";"Matériaux de construction"
"https://media.wikily.gg/44c3d800-a707-461b-bd60-cfecbe25cd73/2026-09-22/e50f8025-bdf1-494c-9d09-1f5f15d086b1-i_wooden_plank.png";"Planche de Bois";"Matériaux de construction"
"https://media.wikily.gg/44c3d800-a707-461b-bd60-cfecbe25cd73/2026-09-22/64614316-2b5b-4377-a1aa-a1a44bccf135-i_marble_plate_1.png";"Plaque de Marbre";"Matériaux de construction"
"https://media.wikily.gg/44c3d800-a707-461b-bd60-cfecbe25cd73/2026-09-22/c3462e40-e09f-464b-ba69-193f1547f2ca-i_baked_fish.png";"Poisson au Four";"Nourriture"
"https://media.wikily.gg/44c3d800-a707-461b-bd60-cfecbe25cd73/2026-09-22/47e43b0c-096b-483c-bf18-b03bd70ee4a8-i_fish_catfish.png";"Poisson-Chat";"Poisson"
"https://media.wikily.gg/44c3d800-a707-461b-bd60-cfecbe25cd73/2026-09-22/96c60ef3-7c3e-4c24-86f5-85cc44fccee6-i_apple_red_crop.png";"Pomme";"Cueillette"
"https://media.wikily.gg/44c3d800-a707-461b-bd60-cfecbe25cd73/2026-09-22/aec88a32-f201-40ab-b2dc-967961e6b96e-i_baked_apple.png";"Pomme au Four";"Nourriture"
"https://media.wikily.gg/44c3d800-a707-461b-bd60-cfecbe25cd73/2026-09-22/e04c6170-de17-43c2-ad41-828b44b6d238-i_rage_potion_1.png";"Potion de Berserker";"Potions"
"https://media.wikily.gg/44c3d800-a707-461b-bd60-cfecbe25cd73/2026-09-22/33e415ac-4cd2-4729-a7b9-4f83aae6aa06-i_rage_potion_2.png";"Potion de Berserker II";"Potions"
"https://media.wikily.gg/44c3d800-a707-461b-bd60-cfecbe25cd73/2026-09-22/5ed53b34-c181-4017-89fd-e35122e230db-i_rage_potion_3.png";"Potion de Berserker III";"Potions"
"https://media.wikily.gg/44c3d800-a707-461b-bd60-cfecbe25cd73/2026-09-22/14652bcc-8c8c-4c95-a526-e8c556061a2a-i_damage_potion_1.png";"Potion de Dégâts";"Potions"
"https://media.wikily.gg/44c3d800-a707-461b-bd60-cfecbe25cd73/2026-09-22/98b58fea-562c-4f1c-9de5-2480266efcf7-i_damage_potion_2.png";"Potion de Dégâts II";"Potions"
"https://media.wikily.gg/44c3d800-a707-461b-bd60-cfecbe25cd73/2026-09-22/adc9ce7c-18cf-4cae-b35e-2e97ab9d32b7-i_damage_potion_3.png";"Potion de Dégâts III";"Potions"
"https://media.wikily.gg/44c3d800-a707-461b-bd60-cfecbe25cd73/2026-09-22/a94547f7-6866-4556-9330-181ed988539b-i_motivation_potion_1.png";"Potion de Motivation de Zombies";"Potions"
"https://media.wikily.gg/44c3d800-a707-461b-bd60-cfecbe25cd73/2026-09-22/681d7536-342f-4095-8082-dbfb5254681c-i_motivation_potion_2.png";"Potion de Motivation de Zombies II";"Potions"
"https://media.wikily.gg/44c3d800-a707-461b-bd60-cfecbe25cd73/2026-09-22/0f4df9b1-aa23-4ad4-8b00-b302c52c59fa-i_motivation_potion_3.png";"Potion de Motivation de Zombies III";"Potions"
"https://media.wikily.gg/44c3d800-a707-461b-bd60-cfecbe25cd73/2026-09-22/394e0c2c-7e8f-48cb-8bdf-aabbe2a25e89-i_heal_potion_1.png";"Potion de Soins";"Potions"
"https://media.wikily.gg/44c3d800-a707-461b-bd60-cfecbe25cd73/2026-09-22/2858c2b5-9c23-4877-a12f-57f5251762f1-i_heal_potion_2.png";"Potion de Soins II";"Potions"
"https://media.wikily.gg/44c3d800-a707-461b-bd60-cfecbe25cd73/2026-09-22/0e37abd4-2df5-4a3c-9a09-e429bf76b8fe-i_heal_potion_3.png";"Potion de Soins III";"Potions"
"https://media.wikily.gg/44c3d800-a707-461b-bd60-cfecbe25cd73/2026-09-22/b27edbba-cb74-4e27-a8a7-4898c6117da0-i_powder_r.png";"Poudre Alchimique";"Alchimie"
"https://media.wikily.gg/44c3d800-a707-461b-bd60-cfecbe25cd73/2026-09-22/d9e08a9c-a9a5-4f11-a313-8cbf96d9332c-i_powder_dreams.png";"Poudre de Rêve";"Alchimie"
"https://media.wikily.gg/44c3d800-a707-461b-bd60-cfecbe25cd73/2026-09-22/05e7bb7a-fd16-4b31-bc14-b51a740c4c01-i_sapling_cowberry.png";"Pousse de Buisson";"Agriculture"
"https://media.wikily.gg/44c3d800-a707-461b-bd60-cfecbe25cd73/2026-09-22/26a09aca-36d5-4298-b81a-0b8c14adac96-i_sapling_blueberry.png";"Pousse de Myrtillier";"Agriculture"
"https://media.wikily.gg/44c3d800-a707-461b-bd60-cfecbe25cd73/2026-09-22/3ec821f8-f8f9-4361-b3f5-7cedbde0303a-i_seedling_tree_apple.png";"Pousse de Pommier";"Agriculture"
"https://media.wikily.gg/44c3d800-a707-461b-bd60-cfecbe25cd73/2026-09-22/8e195ee3-141a-48c5-9afa-8574514ad83a-i_sapling_rhododen.png";"Pousse de Rhododendron";"Agriculture"
"https://media.wikily.gg/44c3d800-a707-461b-bd60-cfecbe25cd73/2026-09-22/c69e9383-9eed-40ca-bf60-03176fccb9b1-i_gunpoweder.png";"Poussière Explosive";"Alchimie"
"https://media.wikily.gg/44c3d800-a707-461b-bd60-cfecbe25cd73/2026-09-22/bea1724b-876e-4c10-8227-9d74cf39bf67-i_wood_balk_reinf.png";"Poutre Huilée";"Matériaux de construction"
"https://media.wikily.gg/44c3d800-a707-461b-bd60-cfecbe25cd73/2026-09-22/70833265-14a3-4fe8-b6c9-6d62ca5a49cf-i_reinforced_beam.png";"Poutre Renforcée";"Matériaux de construction"
"https://media.wikily.gg/44c3d800-a707-461b-bd60-cfecbe25cd73/2026-09-22/46c04058-0ac9-4db2-bcff-4fb93b4e2712-i_wood_balk_1.png";"Poutre en Bois";"Matériaux de construction"
"https://media.wikily.gg/44c3d800-a707-461b-bd60-cfecbe25cd73/2026-09-22/f180f59e-e5bf-4464-ac0a-2eef2806b024-i_book_poetry.png";"Poésie Imprimée";"Objets de quête"
"https://media.wikily.gg/44c3d800-a707-461b-bd60-cfecbe25cd73/2026-09-22/cba59799-6078-4ae6-a246-67158fc4beae-i_cutlet_carrot.png";"Poêlée de Carottes";"Nourriture"
"https://media.wikily.gg/44c3d800-a707-461b-bd60-cfecbe25cd73/2026-09-22/6a86b104-6b6f-45a5-8872-6a1410bb27b4-i_baked_pumpkin.png";"Poêlée de Citrouille";"Nourriture"
"https://media.wikily.gg/44c3d800-a707-461b-bd60-cfecbe25cd73/2026-09-22/93ad9d27-a204-4162-b708-0d2a11be2e16-i_b_storms.png";"Prière de Tempête";"Église"
"https://media.wikily.gg/44c3d800-a707-461b-bd60-cfecbe25cd73/2026-09-22/b3d3b9bf-493b-4f67-baf1-616e544b4718-i_b_old_god.png";"Prière pour le Dieu d'Antan";"Église"
"https://media.wikily.gg/44c3d800-a707-461b-bd60-cfecbe25cd73/2026-09-22/130b003e-6d2a-48b1-b2df-97258fa3f065-i_hand_prothesis.png";"Prothèse de Main";"Objets de quête"
"https://media.wikily.gg/44c3d800-a707-461b-bd60-cfecbe25cd73/2026-09-22/3b56436b-4516-4fe8-b329-8569640bdd90-i_hand_prothesis_elegant.png";"Prothèse de Main Élégante";"Objets de quête"
"https://media.wikily.gg/44c3d800-a707-461b-bd60-cfecbe25cd73/2026-09-22/47ddc42e-7e09-4981-8744-209bcd3726c1-i_dough.png";"Pâte";"Ingrédients"
"https://media.wikily.gg/44c3d800-a707-461b-bd60-cfecbe25cd73/2026-09-22/42e510d2-49f9-4cd7-bd19-6dbdfe829a40-i_pail_wet_paper.png";"Pâte à Papier";"Livres et papier"
"https://media.wikily.gg/44c3d800-a707-461b-bd60-cfecbe25cd73/2026-09-22/7c7e1edd-73eb-4d6c-82cf-833133aaef9d-i_goo_gold.png";"Pépite d'Or";"Métaux et minerais"
"https://media.wikily.gg/44c3d800-a707-461b-bd60-cfecbe25cd73/2026-09-22/3d3986ff-ceca-4d5e-bffb-dc2263248df6-i_nugget_copper.png";"Pépite de cuivre";"Métaux et minerais"
"https://media.wikily.gg/44c3d800-a707-461b-bd60-cfecbe25cd73/2026-09-22/4d5848fb-cb17-4a86-9015-b3615b8c47d9-i_comets_tail.png";"Queue de Comète";"Alchimie"
"https://media.wikily.gg/44c3d800-a707-461b-bd60-cfecbe25cd73/2026-09-22/332274ec-ffd6-4253-887b-535d5ef27cbd-i_creamy_vegetable_soup.png";"Ragoût de Soldat";"Nourriture"
"https://media.wikily.gg/44c3d800-a707-461b-bd60-cfecbe25cd73/2026-09-22/2d19f366-432d-49e8-88b5-9504cdea29c6-i_grapes_crop.png";"Raisin";"Agriculture"
"https://media.wikily.gg/44c3d800-a707-461b-bd60-cfecbe25cd73/2026-09-22/7ee6a26d-f97f-4af9-bf9a-34f5192819d3-i_cook_elder_catfish.png";"Repas d'Ancien";"Nourriture"
"https://media.wikily.gg/44c3d800-a707-461b-bd60-cfecbe25cd73/2026-09-22/9b438a6d-c713-44fc-b2e7-de9ba303e302-i_rhododendron.png";"Rhododendron";"Cueillette"
"https://media.wikily.gg/44c3d800-a707-461b-bd60-cfecbe25cd73/2026-09-22/c34a7d19-ef9a-4025-b051-00d3758095b8-i_book_love.png";"Roman à l'Eau de Rose";"Objets de quête"
"https://media.wikily.gg/44c3d800-a707-461b-bd60-cfecbe25cd73/2026-09-22/9ccebd53-5fa3-4d4a-9805-a51c67802035-i_glass_containers.png";"Récipients en Verre";"Matériaux de construction"
"https://media.wikily.gg/44c3d800-a707-461b-bd60-cfecbe25cd73/2026-09-22/ae4c546a-82c1-4f13-9cde-2503923c0dbd-i_sand_river.png";"Sable";"Matériaux de construction"
"https://media.wikily.gg/44c3d800-a707-461b-bd60-cfecbe25cd73/2026-09-22/5cbd534c-c04f-441a-9b72-60871f1871d7-i_bag_universal.png";"Sac Fourre-Tout";"Sacs"
"https://media.wikily.gg/44c3d800-a707-461b-bd60-cfecbe25cd73/2026-09-22/2b18f97a-9777-4ded-a8f2-5c97784800d5-i_bag_alchemy.png";"Sac d'Alchimiste";"Sacs"
"https://media.wikily.gg/44c3d800-a707-461b-bd60-cfecbe25cd73/2026-09-22/91990c86-ae99-4a9a-ba8e-4833e6d6accb-i_bag_builder.png";"Sac de Bâtisseur";"Sacs"
"https://media.wikily.gg/44c3d800-a707-461b-bd60-cfecbe25cd73/2026-09-22/936d0b7a-159e-4cae-8ef3-064fc5a60c18-i_bag_farming.png";"Sac de Fermier";"Sacs"
"https://media.wikily.gg/44c3d800-a707-461b-bd60-cfecbe25cd73/2026-09-22/9abe1785-6a0c-4ef1-84a7-6b1a5f02ffba-i_bag_food.png";"Sac de Nourriture";"Sacs"
"https://media.wikily.gg/44c3d800-a707-461b-bd60-cfecbe25cd73/2026-09-22/3135e440-bca7-42e6-a03e-fa5f8bb401b0-i_bag_potions.png";"Sac de Potions";"Sacs"
"https://media.wikily.gg/44c3d800-a707-461b-bd60-cfecbe25cd73/2026-09-22/4e048ca7-d833-4588-8ec2-734d1a1e7dc7-i_bag_fishing.png";"Sac de Pêcheur";"Sacs"
"https://media.wikily.gg/44c3d800-a707-461b-bd60-cfecbe25cd73/2026-09-22/2407021f-065e-4588-8caa-5a73f4ce0af4-i_bag_tools.png";"Sac à Outils";"Sacs"
"https://media.wikily.gg/44c3d800-a707-461b-bd60-cfecbe25cd73/2026-09-22/9ac37a31-abd1-40ce-b55d-132b4b6e684c-i_sandwich.png";"Sandwich";"Nourriture"
"https://media.wikily.gg/44c3d800-a707-461b-bd60-cfecbe25cd73/2026-09-22/21a2335a-243f-450b-a886-210138764a41-i_blood.png";"Sang";"Parties de corps"
"https://media.wikily.gg/44c3d800-a707-461b-bd60-cfecbe25cd73/2026-09-22/14cceaf5-0a45-41af-8b51-1565d6b5baa8-i_fish_salmon.png";"Saumon";"Poisson"
"https://media.wikily.gg/44c3d800-a707-461b-bd60-cfecbe25cd73/2026-09-22/021160c1-99c2-425b-95c0-b13ef7fb993f-i_fish_celestial_salmon.png";"Saumon Céleste";"Poisson"
"https://media.wikily.gg/44c3d800-a707-461b-bd60-cfecbe25cd73/2026-09-22/7ea1b4d7-024e-4be3-950e-aaad1eec7908-i_cook_heavenly_salmon.png";"Saumon Divin";"Nourriture"
"https://media.wikily.gg/44c3d800-a707-461b-bd60-cfecbe25cd73/2026-09-22/63fe5f6f-ccb2-42f5-8dea-80c49e0246b8-i_royal_stamp.png";"Sceau Royal";"Objets de quête"
"https://media.wikily.gg/44c3d800-a707-461b-bd60-cfecbe25cd73/2026-09-22/d84bc9a1-4928-4b3c-b1a7-ed94d4740003-i_science.png";"Science";"Ressources"
"https://media.wikily.gg/44c3d800-a707-461b-bd60-cfecbe25cd73/2026-09-22/649e2b6a-c656-45fa-ae62-d39329117323-i_salt.png";"Sel";"Alchimie"
"https://media.wikily.gg/44c3d800-a707-461b-bd60-cfecbe25cd73/2026-09-22/a5ce40f4-ec49-4162-9d1f-86dfd7f76fae-i_alchemy_1_diamond.png";"Sel de Troisième Œil";"Potions"
"https://media.wikily.gg/44c3d800-a707-461b-bd60-cfecbe25cd73/2026-09-22/2c5eca75-44dc-4a66-bf96-9b58f67e34aa-i_cook_smothie.png";"Smoothie aux Baies";"Boissons"
"https://media.wikily.gg/44c3d800-a707-461b-bd60-cfecbe25cd73/2026-09-22/60a5f981-1714-4828-b9d7-f16053457b3e-i_soup_fish.png";"Soupe au Poisson";"Nourriture"
"https://media.wikily.gg/44c3d800-a707-461b-bd60-cfecbe25cd73/2026-09-22/df64dbbf-d79b-4b98-8bcc-7ce008c6b8d3-i_soup_red_yellow.png";"Soupe aux Carottes";"Nourriture"
"https://media.wikily.gg/44c3d800-a707-461b-bd60-cfecbe25cd73/2026-09-22/0690bec7-0002-4336-a2a8-3adcb08024c5-i_soup_yellow_green.png";"Soupe aux Choux";"Nourriture"
"https://media.wikily.gg/44c3d800-a707-461b-bd60-cfecbe25cd73/2026-09-22/a37d60ce-28b7-42e8-9283-8abef8f5ab03-i_soup_red_green.png";"Soupe aux Légumes";"Nourriture"
"https://media.wikily.gg/44c3d800-a707-461b-bd60-cfecbe25cd73/2026-09-22/78926610-2bc8-4dee-9cde-95f804c2f69d-i_bowl_pumpkin.png";"Soupe à la Citrouille";"Nourriture"
"https://media.wikily.gg/44c3d800-a707-461b-bd60-cfecbe25cd73/2026-09-22/5b4f9549-0064-4203-a48a-6aee7f7ea30f-i_cook_kraken_jr.png";"Steak de Kraken";"Nourriture"
"https://media.wikily.gg/44c3d800-a707-461b-bd60-cfecbe25cd73/2026-09-22/e300a679-ac06-436b-a4b5-0e3b4e1bf2c4-i_tool_talisman_2.png";"Talisman en Argent";"Outils"
"https://media.wikily.gg/44c3d800-a707-461b-bd60-cfecbe25cd73/2026-09-22/934577a0-c194-40d7-9d24-136b08fde84d-i_tool_talisman_1.png";"Talisman en Bronze";"Outils"
"https://media.wikily.gg/44c3d800-a707-461b-bd60-cfecbe25cd73/2026-09-22/e923cccf-9584-4a5e-91c6-eee73596ad5d-i_tool_talisman_3.png";"Talisman en Or";"Outils"
"https://media.wikily.gg/44c3d800-a707-461b-bd60-cfecbe25cd73/2026-09-22/edcd821f-3d80-4329-a607-5956bf488c89-i_pie_1.png";"Tarte aux Baies";"Nourriture"
"https://media.wikily.gg/44c3d800-a707-461b-bd60-cfecbe25cd73/2026-09-22/db8128d8-5cb1-4f63-9269-36ffb835fbbe-i_techbook_b_1.png";"Technotome Bleu";"Livres et papier"
"https://media.wikily.gg/44c3d800-a707-461b-bd60-cfecbe25cd73/2026-09-22/9033d0de-8c74-4655-841b-04b91ae15150-i_techbook_b_2.png";"Technotome Bleu II";"Livres et papier"
"https://media.wikily.gg/44c3d800-a707-461b-bd60-cfecbe25cd73/2026-09-22/f9b6efea-034b-4b5c-bc5b-5ab8ef83c21b-i_techbook_r_1.png";"Technotome Rouge";"Livres et papier"
"https://media.wikily.gg/44c3d800-a707-461b-bd60-cfecbe25cd73/2026-09-22/d4850c7a-e7a2-42fc-8076-322baa983a77-i_techbook_r_2.png";"Technotome Rouge II";"Livres et papier"
"https://media.wikily.gg/44c3d800-a707-461b-bd60-cfecbe25cd73/2026-09-22/ce3a2a9c-f8af-4426-8075-e49fbbd8c9eb-i_techbook_g_1.png";"Technotome Vert";"Livres et papier"
"https://media.wikily.gg/44c3d800-a707-461b-bd60-cfecbe25cd73/2026-09-22/7570d29b-1967-48e2-8aa6-be8b51d1f09d-i_techbook_g_2.png";"Technotome Vert II";"Livres et papier"
"https://media.wikily.gg/44c3d800-a707-461b-bd60-cfecbe25cd73/2026-09-22/fdd04d9f-cd43-431c-9302-e217cfa98a28-i_hero_clothes_9007_steam.png";"Tenue Spéciale";"Vêtements"
"https://media.wikily.gg/44c3d800-a707-461b-bd60-cfecbe25cd73/2026-09-22/a0e31ce3-2765-4d5e-8f69-f9b0551ee53d-i_hero_clothes_9004.png";"Tenue d'Alchimiste";"Vêtements"
"https://media.wikily.gg/44c3d800-a707-461b-bd60-cfecbe25cd73/2026-09-22/4827eb72-c60e-4e79-a3b2-ef5dcb902bcd-i_hero_clothes_9002.png";"Tenue de Fermier";"Vêtements"
"https://media.wikily.gg/44c3d800-a707-461b-bd60-cfecbe25cd73/2026-09-22/52a1436c-0931-44c0-8ca2-69bedbfb7736-i_hero_clothes_9005.png";"Tenue de Forgeron";"Vêtements"
"https://media.wikily.gg/44c3d800-a707-461b-bd60-cfecbe25cd73/2026-09-22/103929d1-4c51-45f4-906b-de9a83748308-i_hero_clothes_9001.png";"Tenue de Gardien";"Vêtements"
"https://media.wikily.gg/44c3d800-a707-461b-bd60-cfecbe25cd73/2026-09-22/0e297635-9162-4b67-8d41-c7558f13844c-i_hero_clothes_9008.png";"Tenue de Prêtre";"Vêtements"
"https://media.wikily.gg/44c3d800-a707-461b-bd60-cfecbe25cd73/2026-09-22/07c42176-0e9b-4055-b8da-9d523fdbd484-i_hero_clothes_9006.png";"Tenue de Pèlerin";"Vêtements"
"https://media.wikily.gg/44c3d800-a707-461b-bd60-cfecbe25cd73/2026-09-22/d9548ceb-814e-47bd-9b48-02e20525124a-i_fish_tuna.png";"Thon";"Poisson"
"https://media.wikily.gg/44c3d800-a707-461b-bd60-cfecbe25cd73/2026-09-22/a2ffa330-100a-4850-8f3d-fb0995d59fe7-i_fabric_flax.png";"Tissu";"Matériaux de fabrication"
"https://media.wikily.gg/44c3d800-a707-461b-bd60-cfecbe25cd73/2026-09-22/c4b16062-790f-43b6-9ab3-fd68bcfe3922-i_toasts.png";"Toasts aux Oignons";"Nourriture"
"https://media.wikily.gg/44c3d800-a707-461b-bd60-cfecbe25cd73/2026-09-22/e9709597-3b53-4074-96b7-23363bc6c8a5-i_2h_d-box-shooting_tower.png";"Tour d'Archer I";"Bataille"
"https://media.wikily.gg/44c3d800-a707-461b-bd60-cfecbe25cd73/2026-09-22/e9709597-3b53-4074-96b7-23363bc6c8a5-i_2h_d-box-shooting_tower.png";"Tour d'Archer II";"Bataille"
"https://media.wikily.gg/44c3d800-a707-461b-bd60-cfecbe25cd73/2026-09-22/e9709597-3b53-4074-96b7-23363bc6c8a5-i_2h_d-box-shooting_tower.png";"Tour d'Archer III";"Bataille"
"https://media.wikily.gg/44c3d800-a707-461b-bd60-cfecbe25cd73/2026-09-22/3cbf3120-fa04-484b-b2ba-6e0666c8518c-i_peat.png";"Tourbe";"Agriculture"
"https://media.wikily.gg/44c3d800-a707-461b-bd60-cfecbe25cd73/2026-09-22/e2597036-2c6c-45f7-8dd2-806f9ba04649-i_cook_fisherman_pie.png";"Tourte du Pêcheur";"Nourriture"
"https://media.wikily.gg/44c3d800-a707-461b-bd60-cfecbe25cd73/2026-09-22/9a3edd0b-3a54-4121-8362-a09dbd0c335c-i_speech_writing_device.png";"Transcripteur";"Objets de quête"
"https://media.wikily.gg/44c3d800-a707-461b-bd60-cfecbe25cd73/2026-09-22/c80b2f39-dc76-46ae-89a2-385198ee9cd9-i_trilogy.png";"Trilogie";"Objets de quête"
"https://media.wikily.gg/44c3d800-a707-461b-bd60-cfecbe25cd73/2026-09-22/a373ad50-b57c-4058-b46a-b186fe1cfc99-i_intestine.png";"Tripes";"Parties de corps"
"https://media.wikily.gg/44c3d800-a707-461b-bd60-cfecbe25cd73/2026-09-22/c020c4bc-ea8b-4d84-b366-b12de2747d10-i_fish_trout.png";"Truite";"Poisson"
"https://media.wikily.gg/44c3d800-a707-461b-bd60-cfecbe25cd73/2026-09-22/5fa95cc4-e247-4e09-9316-5e7a0029c0f8-i_quality_food_gold.png";"Umami";"Alchimie"
"https://media.wikily.gg/44c3d800-a707-461b-bd60-cfecbe25cd73/2026-09-22/a53ecee4-e7aa-4aa3-b07f-73a6a0d067b7-i_funeral_urn_1.png";"Urne avec Cendres I";"Cimetière"
"https://media.wikily.gg/44c3d800-a707-461b-bd60-cfecbe25cd73/2026-09-22/fe903780-fd0d-4dfc-a713-2f371453e407-i_funeral_urn_2.png";"Urne avec Cendres II";"Cimetière"
"https://media.wikily.gg/44c3d800-a707-461b-bd60-cfecbe25cd73/2026-09-22/0ae40bdf-b3d5-4092-b60e-d161c9b0ac0f-i_ceramic_2.png";"Urne en Terre Cuite";"Matériaux de construction"
"https://media.wikily.gg/44c3d800-a707-461b-bd60-cfecbe25cd73/2026-09-22/f27bba66-aa8d-4388-9c70-78f1844f0764-i_tableware.png";"Vaisselle";"Matériaux de construction"
"https://media.wikily.gg/44c3d800-a707-461b-bd60-cfecbe25cd73/2026-09-22/ec670ae5-3671-4cf1-baed-938c64f3196c-i_fish_dace.png";"Vandoise";"Poisson"
"https://media.wikily.gg/44c3d800-a707-461b-bd60-cfecbe25cd73/2026-09-22/016813eb-e253-4810-9876-3f0c5931703d-i_glass_0.png";"Verre";"Matériaux de fabrication"
"https://media.wikily.gg/44c3d800-a707-461b-bd60-cfecbe25cd73/2026-09-22/e5e1c69c-55b2-475c-b0be-3e84d6543abe-i_baked_meat.png";"Viande Rôtie";"Nourriture"
"https://media.wikily.gg/44c3d800-a707-461b-bd60-cfecbe25cd73/2026-09-22/9e1f8745-9127-4a87-bacd-5e8ce06b9946-i_minced_meat.png";"Viande Émincée";"Ingrédients"
"https://media.wikily.gg/44c3d800-a707-461b-bd60-cfecbe25cd73/2026-09-22/af06d533-4daf-4502-b884-a4b5400d6be0-i_fish_elder_catfish.png";"Vieux Poisson-Chat";"Poisson"
"https://media.wikily.gg/44c3d800-a707-461b-bd60-cfecbe25cd73/2026-09-22/ce2c4541-df0b-40c3-aa04-7181e660203c-i_bottle_red_vine_2.png";"Vin";"Boissons"
"https://media.wikily.gg/44c3d800-a707-461b-bd60-cfecbe25cd73/2026-09-22/2461e323-172e-4c4f-a2b1-a0ebc13dcbc5-i_violine.png";"Violon";"Objets de quête"
"https://media.wikily.gg/44c3d800-a707-461b-bd60-cfecbe25cd73/2026-09-22/5f9c099e-8b42-4df3-9843-12c788665426-i_screw_steel.png";"Vis en Acier";"Métaux et minerais"
"https://media.wikily.gg/44c3d800-a707-461b-bd60-cfecbe25cd73/2026-09-22/b2b94960-5fd5-4c1d-a307-0d7a791373eb-i_cook_yogurt.png";"Yaourt";"Nourriture"
"https://media.wikily.gg/44c3d800-a707-461b-bd60-cfecbe25cd73/2026-09-22/b90743c4-641a-4c9f-b65d-7b1987c9b7a7-i_2h_zombie.png";"Zombie";"Parties de corps"
"https://media.wikily.gg/44c3d800-a707-461b-bd60-cfecbe25cd73/2026-09-22/41a9996b-c986-46d9-a1f1-5af45e285cc6-i_zombie_power.png";"Zombinergie";"Objets de quête"
"https://media.wikily.gg/44c3d800-a707-461b-bd60-cfecbe25cd73/2026-09-22/fe248db9-69a8-46e8-9601-84c0b6070034-i_grave_top_wd_0.png";"Écriteau en Bois";"Cimetière"
"https://media.wikily.gg/44c3d800-a707-461b-bd60-cfecbe25cd73/2026-09-22/646679c1-7205-4dc5-8546-8441d536fb1f-i_weak_growing_elixir.png";"Élixir de Croissance Faible";"Potions"
"https://media.wikily.gg/44c3d800-a707-461b-bd60-cfecbe25cd73/2026-09-22/cb74838a-bb91-4768-85b7-983b7fbf1afc-i_miracle_growing_elixir.png";"Élixir de Croissance Miraculeuse";"Potions"
"https://media.wikily.gg/44c3d800-a707-461b-bd60-cfecbe25cd73/2026-09-22/6c3835c8-8d16-41e3-abcb-0b4edea6c6e2-i_rich_growing_elixir.png";"Élixir de Croissance Vigoureuse";"Potions"
"https://media.wikily.gg/44c3d800-a707-461b-bd60-cfecbe25cd73/2026-09-22/e661db4e-0658-4951-9717-2651a01ad086-i_alchemy_1_spice.png";"Épices";"Alchimie"
"https://media.wikily.gg/44c3d800-a707-461b-bd60-cfecbe25cd73/2026-09-22/75b9c54e-baf6-47a1-8895-35fc76e4af8d-i_sword_t1.png";"Épée Rouillée";"Armes et armures"
"https://media.wikily.gg/44c3d800-a707-461b-bd60-cfecbe25cd73/2026-09-22/eb91e172-4072-4bad-925f-8993197f76aa-i_sword_damask_gem.png";"Épée de Légende";"Armes et armures"
"https://media.wikily.gg/44c3d800-a707-461b-bd60-cfecbe25cd73/2026-09-22/790b7a20-53a8-4ed1-9ee7-75082e1ef8c3-i_sword_t4.png";"Épée en Acier";"Armes et armures"
"https://media.wikily.gg/44c3d800-a707-461b-bd60-cfecbe25cd73/2026-09-22/4f231b90-e292-41ed-a94c-6225640e2579-i_sword_bronze.png";"Épée en Bronze";"Armes et armures"
"https://media.wikily.gg/44c3d800-a707-461b-bd60-cfecbe25cd73/2026-09-22/68f2688a-4f07-4353-8c8f-730c3a1e3ba6-i_sword_t3.png";"Épée en Fer";"Armes et armures"
"https://media.wikily.gg/44c3d800-a707-461b-bd60-cfecbe25cd73/2026-09-22/d7294e3b-b398-4ca2-9910-a161d4b5747f-i_lead.png";"Étain";"Métaux et minerais"
"https://media.wikily.gg/44c3d800-a707-461b-bd60-cfecbe25cd73/2026-09-22/22bf0cfb-41c3-4f06-8131-ba311c6795b9-i_red_eye.png";"Œil Rouge";"Objets de quête"
"https://media.wikily.gg/44c3d800-a707-461b-bd60-cfecbe25cd73/2026-09-22/b28935e6-0d7b-4c81-8d74-5223127f06d0-i_egg_chicken.png";"Œuf de Poule";"Ingrédients"